element,fixture,opponent_team,total_points,was_home,kickoff_time,team_h_score,team_a_score,round,minutes,goals_scored,assists,clean_sheets,goals_conceded,own_goals,penalties_saved,penalties_missed,yellow_cards,red_cards,saves,bonus,bps,influence,creativity,threat,ict_index,starts,expected_goals,expected_assists,expected_goal_involvements,expected_goals_conceded,value,transfers_balance,selected,transfers_in,transfers_out,player_id
1,12,8,0,False,2023-08-21T19:00:00Z,0.0,1.0,2,0,0,0,0,0,0,0,0,0,0,0,0,0,0.0,0.0,0.0,0.0,0,0.00,0.00,0.00,0.00,45,-4744,63768,4959,9703,1
2,12,8,0,False,2023-08-21T19:00:00Z,0.0,1.0,2,0,0,0,0,0,0,0,0,0,0,0,0,0,0.0,0.0,0.0,0.0,0,0.00,0.00,0.00,0.00,40,-2650,34540,1902,4552,2
3,12,8,0,False,2023-08-21T19:00:00Z,0.0,1.0,2,0,0,0,0,0,0,0,0,0,0,0,0,0,0.0,0.0,0.0,0.0,0,0.00,0.00,0.00,0.00,45,-3499,7526,123,3622,3
4,12,8,0,False,2023-08-21T19:00:00Z,0.0,1.0,2,0,0,0,0,0,0,0,0,0,0,0,0,0,0.0,0.0,0.0,0.0,0,0.00,0.00,0.00,0.00,55,-1917,10260,468,2385,4
5,12,8,1,False,2023-08-21T19:00:00Z,0.0,1.0,2,20,0,0,0,0,0,0,0,0,0,0,0,5,13.0,0.0,0.0,1.3,0,0.00,0.00,0.00,0.73,50,-223848,2639445,61796,285644,5
6,12,8,2,False,2023-08-21T19:00:00Z,0.0,1.0,2,90,0,0,1,0,0,0,0,1,0,0,0,-1,0.0,13.8,6.0,1.9,1,0.02,0.05,0.07,1.06,75,-63530,377081,8492,72022,6
7,12,8,0,False,2023-08-21T19:00:00Z,0.0,1.0,2,0,0,0,0,0,0,0,0,0,0,0,0,0,0.0,0.0,0.0,0.0,0,0.00,0.00,0.00,0.00,45,-2062,16470,946,3008,7
8,12,8,0,False,2023-08-21T19:00:00Z,0.0,1.0,2,0,0,0,0,0,0,0,0,0,0,0,0,0,0.0,0.0,0.0,0.0,0,0.00,0.00,0.00,0.00,79,-83981,128916,3233,87214,8
9,12,8,1,False,2023-08-21T19:00:00Z,0.0,1.0,2,11,0,0,0,0,0,0,0,0,0,0,0,5,3.6,0.6,0.0,0.4,0,0.00,0.01,0.01,0.59,55,-1903,19464,1215,3118,9
10,12,8,1,False,2023-08-21T19:00:00Z,0.0,1.0,2,1,0,0,0,0,0,0,0,0,0,0,0,3,0.4,0.2,0.0,0.1,0,0.00,0.00,0.00,0.26,45,-1391,9267,233,1624,10
11,12,8,0,False,2023-08-21T19:00:00Z,0.0,1.0,2,0,0,0,0,0,0,0,0,0,0,0,0,0,0.0,0.0,0.0,0.0,0,0.00,0.00,0.00,0.00,45,-4225,10849,819,5044,11
12,12,8,3,False,2023-08-21T19:00:00Z,0.0,1.0,2,69,0,0,1,0,0,0,0,0,0,0,0,4,0.0,7.3,17.0,2.4,1,0.11,0.04,0.15,0.34,80,66471,1416545,122756,56285,12
13,12,8,5,False,2023-08-21T19:00:00Z,0.0,1.0,2,78,0,1,1,0,0,0,0,0,0,0,0,6,0.0,21.8,28.0,4.9,1,0.81,0.02,0.83,0.47,55,142472,488293,168491,26019,13
14,12,8,11,False,2023-08-21T19:00:00Z,0.0,1.0,2,89,1,0,1,0,0,0,0,0,0,0,3,32,44.6,19.8,27.0,9.1,1,0.83,0.09,0.92,0.80,85,-87344,2052971,75089,162433,14
15,12,8,3,False,2023-08-21T19:00:00Z,0.0,1.0,2,90,0,0,1,0,0,0,0,0,0,0,0,21,18.6,24.1,13.0,5.6,1,0.07,0.05,0.12,1.06,50,-2840,36762,3462,6302,15
16,12,8,0,False,2023-08-21T19:00:00Z,0.0,1.0,2,0,0,0,0,0,0,0,0,0,0,0,0,0,0.0,0.0,0.0,0.0,0,0.00,0.00,0.00,0.00,50,-1190,7794,311,1501,16
17,12,8,6,False,2023-08-21T19:00:00Z,0.0,1.0,2,90,0,0,1,0,0,0,0,0,0,2,0,25,15.4,0.0,0.0,1.5,1,0.00,0.01,0.01,1.06,50,-46452,1625661,45504,91956,17
18,12,8,0,False,2023-08-21T19:00:00Z,0.0,1.0,2,0,0,0,0,0,0,0,0,0,0,0,0,0,0.0,0.0,0.0,0.0,0,0.00,0.00,0.00,0.00,40,-693,17320,894,1587,18
19,12,8,3,False,2023-08-21T19:00:00Z,0.0,1.0,2,88,0,0,1,0,0,0,0,0,0,0,0,15,10.6,30.3,30.0,7.1,1,0.16,0.11,0.27,0.80,86,446931,5980568,473575,26644,19
20,12,8,8,False,2023-08-21T19:00:00Z,0.0,1.0,2,90,0,0,1,0,0,0,0,0,0,0,2,29,27.6,1.2,0.0,2.9,1,0.00,0.01,0.01,1.06,51,279299,2061837,320796,41497,20
21,12,8,0,False,2023-08-21T19:00:00Z,0.0,1.0,2,0,0,0,0,0,0,0,0,0,0,0,0,0,0.0,0.0,0.0,0.0,0,0.00,0.00,0.00,0.00,50,-266,1955,62,328,21
22,12,8,0,False,2023-08-21T19:00:00Z,0.0,1.0,2,0,0,0,0,0,0,0,0,0,0,0,0,0,0.0,0.0,0.0,0.0,0,0.00,0.00,0.00,0.00,55,-3123,15089,436,3559,22
23,12,8,0,False,2023-08-21T19:00:00Z,0.0,1.0,2,0,0,0,0,0,0,0,0,0,0,0,0,0,0.0,0.0,0.0,0.0,0,0.00,0.00,0.00,0.00,40,-1878,26211,1698,3576,23
24,12,8,0,False,2023-08-21T19:00:00Z,0.0,1.0,2,0,0,0,0,0,0,0,0,0,0,0,0,0,0.0,0.0,0.0,0.0,0,0.00,0.00,0.00,0.00,45,-3895,30163,1555,5450,24
25,12,8,3,False,2023-08-21T19:00:00Z,0.0,1.0,2,66,0,0,1,0,0,0,0,0,1,0,0,13,0.0,3.8,0.0,0.2,1,0.00,0.03,0.03,1.79,45,1117,24757,4024,2907,25
26,12,8,0,False,2023-08-21T19:00:00Z,0.0,1.0,2,0,0,0,0,0,0,0,0,0,0,0,0,0,0.0,0.0,0.0,0.0,0,0.00,0.00,0.00,0.00,69,-115616,412699,8125,123741,26
27,17,16,0,False,2023-08-18T18:45:00Z,2.0,1.0,2,0,0,0,0,0,0,0,0,0,0,0,0,0,0.0,0.0,0.0,0.0,0,0.00,0.00,0.00,0.00,40,-233,97745,6469,6702,27
28,17,17,2,True,2023-08-18T18:45:00Z,2.0,1.0,2,90,0,0,0,1,0,0,0,0,0,2,0,13,16.4,0.0,0.0,1.6,1,0.00,0.00,0.00,0.51,40,79630,1351022,94815,15185,28
29,12,8,7,False,2023-08-21T19:00:00Z,0.0,1.0,2,90,0,0,1,0,0,0,0,0,0,0,1,26,21.6,4.2,0.0,2.6,1,0.00,0.02,0.02,1.06,55,-26439,846686,40504,66943,29
30,12,8,0,False,2023-08-21T19:00:00Z,0.0,1.0,2,0,0,0,0,0,0,0,0,0,0,0,0,0,0.0,0.0,0.0,0.0,0,0.00,0.00,0.00,0.00,60,-672,1484,0,672,30
31,12,8,1,False,2023-08-21T19:00:00Z,0.0,1.0,2,1,0,0,0,0,0,0,0,0,0,0,0,2,0.2,1.3,0.0,0.2,0,0.00,0.00,0.00,0.26,50,-91078,528181,18283,109361,31
32,11,9,0,True,2023-08-20T13:00:00Z,4.0,0.0,2,0,0,0,0,0,0,0,0,0,0,0,0,0,0.0,0.0,0.0,0.0,0,0.00,0.00,0.00,0.00,50,-719,3938,197,916,32
33,11,9,0,True,2023-08-20T13:00:00Z,4.0,0.0,2,5,0,0,0,0,0,0,0,1,0,0,0,-1,0.0,4.3,0.0,0.3,0,0.00,0.00,0.00,0.00,45,-29340,525180,13933,43273,33
34,11,9,14,True,2023-08-20T13:00:00Z,4.0,0.0,2,62,1,1,1,0,0,0,0,0,0,0,3,41,50.0,13.2,31.0,9.4,1,0.32,0.68,1.00,0.64,55,-3030,63516,6101,9131,34
35,11,9,0,True,2023-08-20T13:00:00Z,4.0,0.0,2,0,0,0,0,0,0,0,0,0,0,0,0,0,0.0,0.0,0.0,0.0,0,0.00,0.00,0.00,0.00,59,-10038,9635,92,10130,35
36,11,9,6,True,2023-08-20T13:00:00Z,4.0,0.0,2,90,0,0,1,0,0,0,0,0,0,0,0,27,24.4,16.3,0.0,4.1,1,0.00,0.27,0.27,0.68,45,21738,696141,65696,43958,36
37,11,9,0,True,2023-08-20T13:00:00Z,4.0,0.0,2,0,0,0,0,0,0,0,0,0,0,0,0,0,0.0,0.0,0.0,0.0,0,0.00,0.00,0.00,0.00,40,-4104,125410,4839,8943,37
38,11,9,1,True,2023-08-20T13:00:00Z,4.0,0.0,2,21,0,0,0,0,0,0,0,0,0,0,0,4,4.0,1.0,8.0,1.3,0,0.07,0.01,0.08,0.03,60,-5406,53391,3394,8800,38
39,11,9,0,True,2023-08-20T13:00:00Z,4.0,0.0,2,0,0,0,0,0,0,0,0,0,0,0,0,0,0.0,0.0,0.0,0.0,0,0.00,0.00,0.00,0.00,50,-2102,24840,2242,4344,39
40,11,9,0,True,2023-08-20T13:00:00Z,4.0,0.0,2,0,0,0,0,0,0,0,0,0,0,0,0,0,0.0,0.0,0.0,0.0,0,0.00,0.00,0.00,0.00,50,-862,1666,15,877,40
41,11,9,1,True,2023-08-20T13:00:00Z,4.0,0.0,2,26,0,0,0,0,0,0,0,0,0,0,0,8,15.2,0.2,0.0,1.5,0,0.00,0.00,0.00,0.03,45,-1562,44605,4081,5643,41
42,11,9,10,True,2023-08-20T13:00:00Z,4.0,0.0,2,90,0,1,1,0,0,0,0,1,0,0,2,31,14.8,17.7,5.0,3.8,1,0.02,0.05,0.07,0.68,45,7057,115312,17061,10004,42
43,11,9,7,True,2023-08-20T13:00:00Z,4.0,0.0,2,63,1,0,1,0,0,0,0,1,0,0,0,30,44.0,14.4,19.0,7.7,1,0.79,0.10,0.89,0.64,55,-27868,233546,4278,32146,43
44,11,9,7,True,2023-08-20T13:00:00Z,4.0,0.0,2,16,1,0,0,0,0,0,0,0,0,0,2,31,38.2,11.7,19.0,6.9,0,0.55,0.00,0.55,0.03,50,-1228,3101,67,1295,44
45,11,9,0,True,2023-08-20T13:00:00Z,4.0,0.0,2,0,0,0,0,0,0,0,0,0,0,0,0,0,0.0,0.0,0.0,0.0,0,0.00,0.00,0.00,0.00,40,-835,19149,841,1676,45
46,11,9,0,True,2023-08-20T13:00:00Z,4.0,0.0,2,0,0,0,0,0,0,0,0,0,0,0,0,0,0.0,0.0,0.0,0.0,0,0.00,0.00,0.00,0.00,45,-868,3083,75,943,46
47,11,9,3,True,2023-08-20T13:00:00Z,4.0,0.0,2,90,0,0,1,0,0,0,0,0,0,0,0,12,4.2,2.6,2.0,0.9,1,0.02,0.03,0.05,0.68,50,5,9749,1270,1265,47
48,11,9,6,True,2023-08-20T13:00:00Z,4.0,0.0,2,90,0,0,1,0,0,0,0,0,0,0,0,29,14.0,0.4,2.0,1.6,1,0.00,0.00,0.00,0.68,45,-2372,105680,6316,8688,48
49,11,9,8,True,2023-08-20T13:00:00Z,4.0,0.0,2,90,0,0,1,0,0,0,0,0,0,2,2,31,22.4,0.0,0.0,2.2,1,0.00,0.00,0.00,0.68,50,-14621,717905,33535,48156,49
50,11,9,10,True,2023-08-20T13:00:00Z,4.0,0.0,2,90,1,0,1,0,0,0,0,0,0,0,2,31,43.8,4.3,33.0,8.1,1,0.86,0.09,0.95,0.68,55,-2242,43428,2319,4561,50
51,11,9,0,True,2023-08-20T13:00:00Z,4.0,0.0,2,0,0,0,0,0,0,0,0,0,0,0,0,0,0.0,0.0,0.0,0.0,0,0.00,0.00,0.00,0.00,44,-498244,666374,6185,504429,51
53,11,9,0,True,2023-08-20T13:00:00Z,4.0,0.0,2,0,0,0,0,0,0,0,0,0,0,0,0,0,0.0,0.0,0.0,0.0,0,0.00,0.00,0.00,0.00,40,-1642,81567,2302,3944,53
54,11,9,0,True,2023-08-20T13:00:00Z,4.0,0.0,2,0,0,0,0,0,0,0,0,0,0,0,0,0,0.0,0.0,0.0,0.0,0,0.00,0.00,0.00,0.00,45,766,16032,2382,1616,54
55,11,9,0,True,2023-08-20T13:00:00Z,4.0,0.0,2,0,0,0,0,0,0,0,0,0,0,0,0,0,0.0,0.0,0.0,0.0,0,0.00,0.00,0.00,0.00,60,-3793,9744,95,3888,55
56,11,9,0,True,2023-08-20T13:00:00Z,4.0,0.0,2,0,0,0,0,0,0,0,0,0,0,0,0,0,0.0,0.0,0.0,0.0,0,0.00,0.00,0.00,0.00,45,-252,756,0,252,56
57,11,9,0,True,2023-08-20T13:00:00Z,4.0,0.0,2,0,0,0,0,0,0,0,0,0,0,0,0,0,0.0,0.0,0.0,0.0,0,0.00,0.00,0.00,0.00,40,-92,624,0,92,57
58,11,9,1,True,2023-08-20T13:00:00Z,4.0,0.0,2,27,0,0,0,0,0,0,0,0,0,0,0,9,2.6,1.4,0.0,0.4,0,0.00,0.01,0.01,0.03,60,-11529,97894,3534,15063,58
59,11,9,0,True,2023-08-20T13:00:00Z,4.0,0.0,2,0,0,0,0,0,0,0,0,0,0,0,0,0,0.0,0.0,0.0,0.0,0,0.00,0.00,0.00,0.00,50,-918,1654,21,939,59
60,11,9,5,True,2023-08-20T13:00:00Z,4.0,0.0,2,73,0,1,1,0,0,0,0,0,0,0,0,11,7.2,32.4,12.0,5.2,1,0.15,0.05,0.20,0.64,80,7626,2282862,147192,139566,60
61,11,9,0,True,2023-08-20T13:00:00Z,4.0,0.0,2,0,0,0,0,0,0,0,0,0,0,0,0,0,0.0,0.0,0.0,0.0,0,0.00,0.00,0.00,0.00,50,-372,905,0,372,61
62,14,11,1,False,2023-08-19T14:00:00Z,3.0,1.0,2,62,0,0,0,3,0,0,0,1,0,0,0,1,0.6,1.8,2.0,0.4,1,0.00,0.00,0.00,2.88,50,-1340,13422,727,2067,62
63,14,11,2,False,2023-08-19T14:00:00Z,3.0,1.0,2,90,0,0,0,3,0,0,0,0,0,0,0,5,15.8,3.8,7.0,2.7,1,0.41,0.07,0.48,3.08,55,-8971,62779,1980,10951,63
64,14,11,1,False,2023-08-19T14:00:00Z,3.0,1.0,2,14,0,0,0,0,0,0,0,0,0,0,0,7,3.4,27.8,2.0,3.3,0,0.00,0.19,0.19,0.08,50,-135,9519,1015,1150,64
65,14,11,2,False,2023-08-19T14:00:00Z,3.0,1.0,2,62,0,0,0,3,0,0,0,0,0,0,0,8,9.6,1.5,0.0,1.1,1,0.00,0.00,0.00,2.88,50,-37,1971,197,234,65
66,14,11,0,False,2023-08-19T14:00:00Z,3.0,1.0,2,0,0,0,0,0,0,0,0,0,0,0,0,0,0.0,0.0,0.0,0.0,0,0.00,0.00,0.00,0.00,50,-689,1967,34,723,66
67,14,11,0,False,2023-08-19T14:00:00Z,3.0,1.0,2,0,0,0,0,0,0,0,0,0,0,0,0,0,0.0,0.0,0.0,0.0,0,0.00,0.00,0.00,0.00,45,-119,510,0,119,67
68,14,11,0,False,2023-08-19T14:00:00Z,3.0,1.0,2,0,0,0,0,0,0,0,0,0,0,0,0,0,0.0,0.0,0.0,0.0,0,0.00,0.00,0.00,0.00,45,-666,1888,43,709,68
69,14,11,0,False,2023-08-19T14:00:00Z,3.0,1.0,2,0,0,0,0,0,0,0,0,0,0,0,0,0,0.0,0.0,0.0,0.0,0,0.00,0.00,0.00,0.00,40,1607,26379,3519,1912,69
70,14,11,1,False,2023-08-19T14:00:00Z,3.0,1.0,2,14,0,0,0,0,0,0,0,0,0,0,0,3,1.4,0.3,0.0,0.2,0,0.00,0.00,0.00,0.08,45,-303,1091,26,329,70
71,14,11,0,False,2023-08-19T14:00:00Z,3.0,1.0,2,0,0,0,0,0,0,0,0,0,0,0,0,0,0.0,0.0,0.0,0.0,0,0.00,0.00,0.00,0.00,45,-458,7263,412,870,71
72,14,11,1,False,2023-08-19T14:00:00Z,3.0,1.0,2,27,0,0,0,0,0,0,0,0,0,0,0,2,9.0,11.5,19.0,4.0,0,0.22,0.01,0.23,0.20,50,-5390,40292,685,6075,72
73,14,11,0,False,2023-08-19T14:00:00Z,3.0,1.0,2,0,0,0,0,0,0,0,0,0,0,0,0,0,0.0,0.0,0.0,0.0,0,0.00,0.00,0.00,0.00,50,-228,1650,34,262,73
74,14,11,0,False,2023-08-19T14:00:00Z,3.0,1.0,2,0,0,0,0,0,0,0,0,0,0,0,0,0,0.0,0.0,0.0,0.0,0,0.00,0.00,0.00,0.00,45,-365,3512,179,544,74
75,14,11,0,False,2023-08-19T14:00:00Z,3.0,1.0,2,0,0,0,0,0,0,0,0,0,0,0,0,0,0.0,0.0,0.0,0.0,0,0.00,0.00,0.00,0.00,45,-1356,7404,194,1550,75
76,14,11,1,False,2023-08-19T14:00:00Z,3.0,1.0,2,27,0,0,0,0,0,0,0,0,0,0,0,-1,0.0,1.3,8.0,0.8,0,0.23,0.00,0.23,0.20,50,-5254,39780,1494,6748,76
77,14,11,10,False,2023-08-19T14:00:00Z,3.0,1.0,2,90,0,0,0,3,0,1,0,1,0,8,3,37,70.4,0.0,0.0,7.0,1,0.00,0.00,0.00,3.08,45,-3109,68815,2923,6032,77
78,14,11,0,False,2023-08-19T14:00:00Z,3.0,1.0,2,0,0,0,0,0,0,0,0,0,0,0,0,0,0.0,0.0,0.0,0.0,0,0.00,0.00,0.00,0.00,50,-1887,3162,27,1914,78
79,14,11,0,False,2023-08-19T14:00:00Z,3.0,1.0,2,0,0,0,0,0,0,0,0,0,0,0,0,0,0.0,0.0,0.0,0.0,0,0.00,0.00,0.00,0.00,45,-39,149,0,39,79
80,14,11,0,False,2023-08-19T14:00:00Z,3.0,1.0,2,0,0,0,0,0,0,0,0,0,0,0,0,0,0.0,0.0,0.0,0.0,0,0.00,0.00,0.00,0.00,40,-852,56991,1581,2433,80
81,14,11,2,False,2023-08-19T14:00:00Z,3.0,1.0,2,75,0,0,0,3,0,0,0,0,0,0,0,8,1.8,11.2,0.0,1.3,1,0.00,0.01,0.01,3.00,50,-104,1839,139,243,81
82,14,11,6,False,2023-08-19T14:00:00Z,3.0,1.0,2,75,1,0,0,3,0,0,0,1,0,0,1,32,38.4,14.8,31.0,8.4,1,0.18,0.10,0.28,3.00,45,33524,130520,46499,12975,82
83,14,11,1,False,2023-08-19T14:00:00Z,3.0,1.0,2,83,0,0,0,3,0,0,0,0,0,0,0,18,25.2,10.6,0.0,3.6,1,0.00,0.06,0.06,3.08,45,-2409,13514,492,2901,83
84,14,11,0,False,2023-08-19T14:00:00Z,3.0,1.0,2,0,0,0,0,0,0,0,0,0,0,0,0,0,0.0,0.0,0.0,0.0,0,0.00,0.00,0.00,0.00,45,-729,1990,44,773,84
85,14,11,5,False,2023-08-19T14:00:00Z,3.0,1.0,2,90,0,1,0,3,0,0,0,0,0,0,0,11,16.2,21.6,18.0,5.6,1,0.15,0.01,0.16,3.08,65,-10112,260913,15961,26073,85
86,14,11,0,False,2023-08-19T14:00:00Z,3.0,1.0,2,0,0,0,0,0,0,0,0,0,0,0,0,0,0.0,0.0,0.0,0.0,0,0.00,0.00,0.00,0.00,55,-738,1904,37,775,86
87,14,11,1,False,2023-08-19T14:00:00Z,3.0,1.0,2,6,0,0,0,0,0,0,0,0,0,0,0,7,9.8,0.6,26.0,3.6,0,0.15,0.00,0.15,0.00,50,-383,2095,52,435,87
88,14,11,0,False,2023-08-19T14:00:00Z,3.0,1.0,2,0,0,0,0,0,0,0,0,0,0,0,0,0,0.0,0.0,0.0,0.0,0,0.00,0.00,0.00,0.00,40,-2164,15145,0,2164,88
89,14,11,1,False,2023-08-19T14:00:00Z,3.0,1.0,2,90,0,0,0,3,0,0,0,0,0,0,0,17,33.4,0.2,0.0,3.4,1,0.00,0.00,0.00,3.08,45,221,8955,1063,842,89
90,13,10,4,False,2023-08-19T14:00:00Z,0.0,3.0,2,1,0,1,0,0,0,0,0,0,0,0,0,15,17.4,10.4,7.0,3.5,0,0.15,0.55,0.70,0.02,45,1905,29542,4182,2277,90
91,13,10,0,False,2023-08-19T14:00:00Z,0.0,3.0,2,0,0,0,0,0,0,0,0,0,0,0,0,0,0.0,0.0,0.0,0.0,0,0.00,0.00,0.00,0.00,40,-373,23754,929,1302,91
92,13,10,0,False,2023-08-19T14:00:00Z,0.0,3.0,2,0,0,0,0,0,0,0,0,0,0,0,0,0,0.0,0.0,0.0,0.0,0,0.00,0.00,0.00,0.00,45,-15055,282236,8481,23536,92
93,13,10,0,False,2023-08-19T14:00:00Z,0.0,3.0,2,0,0,0,0,0,0,0,0,0,0,0,0,0,0.0,0.0,0.0,0.0,0,0.00,0.00,0.00,0.00,40,-603,19095,971,1574,93
94,13,10,0,False,2023-08-19T14:00:00Z,0.0,3.0,2,0,0,0,0,0,0,0,0,0,0,0,0,0,0.0,0.0,0.0,0.0,0,0.00,0.00,0.00,0.00,45,-58,201,0,58,94
95,13,10,0,False,2023-08-19T14:00:00Z,0.0,3.0,2,0,0,0,0,0,0,0,0,0,0,0,0,0,0.0,0.0,0.0,0.0,0,0.00,0.00,0.00,0.00,50,-483,4108,258,741,95
96,13,10,6,False,2023-08-19T14:00:00Z,0.0,3.0,2,90,0,0,1,0,0,0,0,0,0,0,0,29,14.4,1.0,13.0,2.8,1,0.08,0.20,0.28,0.46,45,836,26673,2488,1652,96
97,13,10,0,False,2023-08-19T14:00:00Z,0.0,3.0,2,0,0,0,0,0,0,0,0,0,0,0,0,0,0.0,0.0,0.0,0.0,0,0.00,0.00,0.00,0.00,40,-167,901,0,167,97
98,13,10,1,False,2023-08-19T14:00:00Z,0.0,3.0,2,11,0,0,0,0,0,0,0,0,0,0,0,0,0.0,3.0,0.0,0.3,0,0.00,0.00,0.00,0.09,50,-685,11150,825,1510,98
99,13,10,1,False,2023-08-19T14:00:00Z,0.0,3.0,2,9,0,0,0,0,0,0,0,0,0,0,0,3,0.0,0.0,2.0,0.1,0,0.00,0.00,0.00,0.07,50,-1107,10950,596,1703,99
100,13,10,0,False,2023-08-19T14:00:00Z,0.0,3.0,2,0,0,0,0,0,0,0,0,0,0,0,0,0,0.0,0.0,0.0,0.0,0,0.00,0.00,0.00,0.00,45,-266,1149,0,266,100
101,13,10,6,False,2023-08-19T14:00:00Z,0.0,3.0,2,90,0,0,1,0,0,0,0,0,0,2,0,28,19.2,0.0,0.0,1.9,1,0.00,0.00,0.00,0.46,45,7871,181430,16379,8508,101
102,13,10,0,False,2023-08-19T14:00:00Z,0.0,3.0,2,0,0,0,0,0,0,0,0,0,0,0,0,0,0.0,0.0,0.0,0.0,0,0.00,0.00,0.00,0.00,40,-676,14271,541,1217,102
103,13,10,5,False,2023-08-19T14:00:00Z,0.0,3.0,2,90,0,0,1,0,0,0,0,1,0,0,0,18,7.0,1.9,2.0,1.1,1,0.00,0.09,0.09,0.46,45,166244,383149,178765,12521,103
104,13,10,5,False,2023-08-19T14:00:00Z,0.0,3.0,2,77,0,0,1,0,0,0,0,1,0,0,0,15,0.0,1.5,0.0,0.2,1,0.00,0.01,0.01,0.36,45,-611,28443,1516,2127,104
105,13,10,3,False,2023-08-19T14:00:00Z,0.0,3.0,2,90,0,0,1,0,0,0,0,0,0,0,0,11,7.8,14.4,4.0,2.6,1,0.00,0.15,0.15,0.46,55,-283,7750,783,1066,105
106,13,10,3,False,2023-08-19T14:00:00Z,0.0,3.0,2,90,0,0,1,0,0,0,0,0,0,0,0,25,26.6,65.8,19.0,11.1,1,0.07,0.68,0.75,0.46,55,-12476,67183,1748,14224,106
107,13,10,1,False,2023-08-19T14:00:00Z,0.0,3.0,2,19,0,0,0,0,0,0,0,0,0,0,0,0,3.0,0.3,17.0,2.0,0,0.22,0.01,0.23,0.09,50,-417,3326,107,524,107
108,13,10,16,False,2023-08-19T14:00:00Z,0.0,3.0,2,90,2,0,1,0,0,0,0,0,0,0,3,43,75.8,16.1,71.0,16.3,1,1.79,0.24,2.03,0.46,65,230616,1037007,257141,26525,108
109,13,10,0,False,2023-08-19T14:00:00Z,0.0,3.0,2,0,0,0,0,0,0,0,0,0,0,0,0,0,0.0,0.0,0.0,0.0,0,0.00,0.00,0.00,0.00,50,-119115,460144,7589,126704,109
110,13,10,3,False,2023-08-19T14:00:00Z,0.0,3.0,2,78,0,0,1,0,0,0,0,0,0,0,0,11,12.8,1.3,10.0,2.4,1,0.02,0.02,0.04,0.36,55,-604,13733,867,1471,110
111,13,10,0,False,2023-08-19T14:00:00Z,0.0,3.0,2,0,0,0,0,0,0,0,0,0,0,0,0,0,0.0,0.0,0.0,0.0,0,0.00,0.00,0.00,0.00,50,-228,770,11,239,111
112,13,10,7,False,2023-08-19T14:00:00Z,0.0,3.0,2,90,0,0,1,0,0,0,0,0,0,0,1,32,26.8,20.7,10.0,5.8,1,0.04,0.22,0.26,0.46,45,-3382,179607,6001,9383,112
113,12,8,0,False,2023-08-21T19:00:00Z,0.0,1.0,2,0,0,0,0,0,0,0,0,0,0,0,0,0,0.0,0.0,0.0,0.0,0,0.00,0.00,0.00,0.00,50,-90113,388156,5826,95939,113
114,13,10,1,False,2023-08-19T14:00:00Z,0.0,3.0,2,12,0,0,0,0,0,0,0,0,0,0,0,3,4.2,0.0,0.0,0.4,0,0.00,0.00,0.00,0.09,45,-467,5981,94,561,114
115,13,10,3,False,2023-08-19T14:00:00Z,0.0,3.0,2,70,0,0,1,0,0,0,0,0,0,0,0,2,1.4,1.3,4.0,0.7,1,0.00,0.05,0.05,0.36,55,-1165,8819,199,1364,115
116,13,10,0,False,2023-08-19T14:00:00Z,0.0,3.0,2,0,0,0,0,0,0,0,0,0,0,0,0,0,0.0,0.0,0.0,0.0,0,0.00,0.00,0.00,0.00,40,-955,40755,1140,2095,116
117,13,10,0,False,2023-08-19T14:00:00Z,0.0,3.0,2,0,0,0,0,0,0,0,0,0,0,0,0,0,0.0,0.0,0.0,0.0,0,0.00,0.00,0.00,0.00,80,-3130,8975,1016,4146,117
118,13,10,0,False,2023-08-19T14:00:00Z,0.0,3.0,2,0,0,0,0,0,0,0,0,0,0,0,0,0,0.0,0.0,0.0,0.0,0,0.00,0.00,0.00,0.00,45,-267,2581,236,503,118
119,13,10,11,False,2023-08-19T14:00:00Z,0.0,3.0,2,78,1,1,1,0,0,0,0,0,0,0,2,36,34.4,2.5,68.0,10.5,1,1.43,0.02,1.45,0.36,60,121775,630451,150094,28319,119
120,13,10,0,False,2023-08-19T14:00:00Z,0.0,3.0,2,0,0,0,0,0,0,0,0,0,0,0,0,0,0.0,0.0,0.0,0.0,0,0.00,0.00,0.00,0.00,45,-3265,71847,5809,9074,120
121,13,10,0,False,2023-08-19T14:00:00Z,0.0,3.0,2,0,0,0,0,0,0,0,0,0,0,0,0,0,0.0,0.0,0.0,0.0,0,0.00,0.00,0.00,0.00,45,-552,8353,244,796,121
122,20,20,0,False,2023-08-19T14:00:00Z,1.0,4.0,2,0,0,0,0,0,0,0,0,0,0,0,0,0,0.0,0.0,0.0,0.0,0,0.00,0.00,0.00,0.00,50,15879,46436,19768,3889,122
123,20,20,0,False,2023-08-19T14:00:00Z,1.0,4.0,2,0,0,0,0,0,0,0,0,0,0,0,0,0,0.0,0.0,0.0,0.0,0,0.00,0.00,0.00,0.00,45,-960,13432,1036,1996,123
124,20,20,0,False,2023-08-19T14:00:00Z,1.0,4.0,2,0,0,0,0,0,0,0,0,0,0,0,0,0,0.0,0.0,0.0,0.0,0,0.00,0.00,0.00,0.00,45,-478,5547,343,821,124
125,20,20,0,False,2023-08-19T14:00:00Z,1.0,4.0,2,0,0,0,0,0,0,0,0,0,0,0,0,0,0.0,0.0,0.0,0.0,0,0.00,0.00,0.00,0.00,50,-880,4840,224,1104,125
126,19,19,1,False,2023-08-20T15:30:00Z,3.0,1.0,2,29,0,0,0,1,0,0,0,0,0,0,0,1,0.0,3.5,1.0,0.1,0,0.03,0.03,0.06,0.95,50,-9711,298443,31737,41448,126
127,20,20,0,False,2023-08-19T14:00:00Z,1.0,4.0,2,0,0,0,0,0,0,0,0,0,0,0,0,0,0.0,0.0,0.0,0.0,0,0.00,0.00,0.00,0.00,45,-1441,4093,0,1441,127
128,20,20,1,False,2023-08-19T14:00:00Z,1.0,4.0,2,9,0,0,0,0,0,0,0,0,0,0,0,4,5.8,12.8,0.0,1.9,0,0.00,0.02,0.02,0.18,50,582,16050,2532,1950,128
129,20,20,2,False,2023-08-19T14:00:00Z,1.0,4.0,2,90,0,0,0,1,0,0,0,0,0,0,0,16,16.8,0.8,0.0,1.8,1,0.00,0.00,0.00,2.06,50,-1953,409437,27306,29259,129
130,20,20,7,False,2023-08-19T14:00:00Z,1.0,4.0,2,66,0,2,0,1,0,0,0,1,0,0,0,28,39.0,25.0,30.0,9.4,1,0.20,0.58,0.78,1.77,55,-60824,314362,7617,68441,130
131,20,20,11,False,2023-08-19T14:00:00Z,1.0,4.0,2,90,1,1,0,1,0,0,0,1,0,0,1,33,57.0,22.4,29.0,10.8,1,0.25,0.05,0.30,2.06,51,326302,5075583,361772,35470,131
132,20,20,1,False,2023-08-19T14:00:00Z,1.0,4.0,2,23,0,0,0,0,0,0,0,0,0,0,0,-1,2.0,1.5,4.0,0.8,0,0.09,0.01,0.10,0.29,60,-16405,593303,37439,53844,132
133,20,20,2,False,2023-08-19T14:00:00Z,1.0,4.0,2,90,0,0,0,1,0,0,0,0,0,0,0,15,12.6,6.3,0.0,1.9,1,0.00,0.03,0.03,2.06,50,-1005,9299,364,1369,133
134,20,20,1,False,2023-08-19T14:00:00Z,1.0,4.0,2,80,0,0,0,1,0,0,0,1,0,0,0,12,9.2,22.7,0.0,3.2,1,0.00,0.17,0.17,1.88,65,-42168,342451,5885,48053,134
135,20,20,0,False,2023-08-19T14:00:00Z,1.0,4.0,2,33,0,0,0,1,0,0,0,1,0,0,0,-1,8.2,1.1,15.0,2.4,0,0.16,0.01,0.17,1.15,55,205492,2500646,266118,60626,135
136,20,20,0,False,2023-08-19T14:00:00Z,1.0,4.0,2,0,0,0,0,0,0,0,0,0,0,0,0,0,0.0,0.0,0.0,0.0,0,0.00,0.00,0.00,0.00,40,-1050,2561,0,1050,136
137,20,20,0,False,2023-08-19T14:00:00Z,1.0,4.0,2,0,0,0,0,0,0,0,0,0,0,0,0,0,0.0,0.0,0.0,0.0,0,0.00,0.00,0.00,0.00,45,-61,184,0,61,137
138,20,20,1,False,2023-08-19T14:00:00Z,1.0,4.0,2,9,0,0,0,0,0,0,0,0,0,0,0,4,3.2,11.7,2.0,1.7,0,0.00,0.01,0.01,0.18,50,-1889,4810,44,1933,138
139,20,20,0,False,2023-08-19T14:00:00Z,1.0,4.0,2,0,0,0,0,0,0,0,0,0,0,0,0,0,0.0,0.0,0.0,0.0,0,0.00,0.00,0.00,0.00,40,-45719,630032,17782,63501,139
140,20,20,15,False,2023-08-19T14:00:00Z,1.0,4.0,2,90,2,0,0,1,0,0,0,0,0,0,3,47,90.8,16.9,66.0,17.4,1,0.87,0.14,1.01,2.06,65,90014,375722,107393,17379,140
141,20,20,0,False,2023-08-19T14:00:00Z,1.0,4.0,2,0,0,0,0,0,0,0,0,0,0,0,0,0,0.0,0.0,0.0,0.0,0,0.00,0.00,0.00,0.00,40,-728,22512,924,1652,141
142,20,20,0,False,2023-08-19T14:00:00Z,1.0,4.0,2,56,0,0,0,0,0,0,0,1,0,0,0,8,7.0,17.3,0.0,2.4,1,0.00,0.13,0.13,0.91,50,482,23898,2661,2179,142
143,20,20,12,False,2023-08-19T14:00:00Z,1.0,4.0,2,80,1,1,0,1,0,0,0,0,0,0,2,40,64.6,49.1,35.0,14.9,1,0.53,0.67,1.20,1.88,65,48485,3482735,151741,103256,143
144,20,20,0,False,2023-08-19T14:00:00Z,1.0,4.0,2,0,0,0,0,0,0,0,0,0,0,0,0,0,0.0,0.0,0.0,0.0,0,0.00,0.00,0.00,0.00,45,-617,6534,449,1066,144
145,19,19,2,False,2023-08-20T15:30:00Z,3.0,1.0,2,90,0,0,0,3,0,0,0,0,0,3,0,14,23.4,0.0,0.0,2.3,1,0.00,0.00,0.00,1.80,45,61220,348693,82350,21130,145
146,20,20,0,False,2023-08-19T14:00:00Z,1.0,4.0,2,0,0,0,0,0,0,0,0,0,0,0,0,0,0.0,0.0,0.0,0.0,0,0.00,0.00,0.00,0.00,45,-646,1733,0,646,146
147,20,20,0,False,2023-08-19T14:00:00Z,1.0,4.0,2,0,0,0,0,0,0,0,0,0,0,0,0,0,0.0,0.0,0.0,0.0,0,0.00,0.00,0.00,0.00,40,-13,93,0,13,147
148,20,20,3,False,2023-08-19T14:00:00Z,1.0,4.0,2,90,0,0,0,1,0,0,0,0,0,4,0,21,38.4,0.0,0.0,3.8,1,0.00,0.00,0.00,2.06,45,-9098,511977,19033,28131,148
149,20,20,0,False,2023-08-19T14:00:00Z,1.0,4.0,2,0,0,0,0,0,0,0,0,0,0,0,0,0,0.0,0.0,0.0,0.0,0,0.00,0.00,0.00,0.00,55,-2490,3259,0,2490,149
150,20,20,0,False,2023-08-19T14:00:00Z,1.0,4.0,2,0,0,0,0,0,0,0,0,0,0,0,0,0,0.0,0.0,0.0,0.0,0,0.00,0.00,0.00,0.00,40,65024,197306,81291,16267,150
151,20,20,1,False,2023-08-19T14:00:00Z,1.0,4.0,2,33,0,0,0,1,0,0,0,0,0,0,0,8,15.2,0.7,0.0,1.6,0,0.00,0.00,0.00,1.15,45,-11943,92602,2738,14681,151
152,20,20,0,False,2023-08-19T14:00:00Z,1.0,4.0,2,0,0,0,0,0,0,0,0,0,0,0,0,0,0.0,0.0,0.0,0.0,0,0.00,0.00,0.00,0.00,45,-6366,37954,374,6740,152
153,20,20,1,False,2023-08-19T14:00:00Z,1.0,4.0,2,90,0,0,0,1,0,0,0,1,0,0,0,20,24.0,0.5,0.0,2.5,1,0.00,0.01,0.01,2.06,45,-7383,21587,154,7537,153
154,20,20,1,False,2023-08-19T14:00:00Z,1.0,4.0,2,56,0,0,0,0,0,0,0,0,0,0,0,-3,3.0,15.1,19.0,3.7,1,0.17,0.04,0.21,0.91,60,-29757,194842,11160,40917,154
155,20,20,0,False,2023-08-19T14:00:00Z,1.0,4.0,2,0,0,0,0,0,0,0,0,0,0,0,0,0,0.0,0.0,0.0,0.0,0,0.00,0.00,0.00,0.00,45,-6684,109374,9246,15930,155
185,19,19,0,False,2023-08-20T15:30:00Z,3.0,1.0,2,0,0,0,0,0,0,0,0,0,0,0,0,0,0.0,0.0,0.0,0.0,0,0.00,0.00,0.00,0.00,40,-317,1245,0,317,185
186,19,19,0,False,2023-08-20T15:30:00Z,3.0,1.0,2,0,0,0,0,0,0,0,0,0,0,0,0,0,0.0,0.0,0.0,0.0,0,0.00,0.00,0.00,0.00,45,-1307,12850,760,2067,186
187,19,19,0,False,2023-08-20T15:30:00Z,3.0,1.0,2,0,0,0,0,0,0,0,0,0,0,0,0,0,0.0,0.0,0.0,0.0,0,0.00,0.00,0.00,0.00,50,-41011,59054,1775,42786,187
188,19,19,0,False,2023-08-20T15:30:00Z,3.0,1.0,2,0,0,0,0,0,0,0,0,0,0,0,0,0,0.0,0.0,0.0,0.0,0,0.00,0.00,0.00,0.00,65,-914,2801,0,914,188
189,19,19,0,False,2023-08-20T15:30:00Z,3.0,1.0,2,0,0,0,0,0,0,0,0,0,0,0,0,0,0.0,0.0,0.0,0.0,0,0.00,0.00,0.00,0.00,45,-59,163,0,59,189
190,19,19,0,False,2023-08-20T15:30:00Z,3.0,1.0,2,0,0,0,0,0,0,0,0,0,0,0,0,0,0.0,0.0,0.0,0.0,0,0.00,0.00,0.00,0.00,40,-107,432,0,107,190
191,19,19,0,False,2023-08-20T15:30:00Z,3.0,1.0,2,0,0,0,0,0,0,0,0,0,0,0,0,0,0.0,0.0,0.0,0.0,0,0.00,0.00,0.00,0.00,45,-1674,4036,110,1784,191
192,19,19,0,False,2023-08-20T15:30:00Z,3.0,1.0,2,0,0,0,0,0,0,0,0,0,0,0,0,0,0.0,0.0,0.0,0.0,0,0.00,0.00,0.00,0.00,40,-281,2094,69,350,192
193,19,19,0,False,2023-08-20T15:30:00Z,3.0,1.0,2,0,0,0,0,0,0,0,0,0,0,0,0,0,0.0,0.0,0.0,0.0,0,0.00,0.00,0.00,0.00,50,-1537,4675,184,1721,193
194,19,19,0,False,2023-08-20T15:30:00Z,3.0,1.0,2,0,0,0,0,0,0,0,0,0,0,0,0,0,0.0,0.0,0.0,0.0,0,0.00,0.00,0.00,0.00,44,-8014,12138,137,8151,194
195,19,19,1,False,2023-08-20T15:30:00Z,3.0,1.0,2,60,0,0,0,2,0,0,0,0,0,0,0,13,8.4,33.7,17.0,5.9,1,0.21,0.49,0.70,0.85,56,641361,1974787,663501,22140,195
196,19,19,5,False,2023-08-20T15:30:00Z,3.0,1.0,2,45,1,0,0,1,0,0,0,1,0,0,0,19,33.6,13.9,29.0,7.7,1,0.08,0.04,0.12,0.73,45,5423,279081,27654,22231,196
197,19,19,1,False,2023-08-20T15:30:00Z,3.0,1.0,2,90,0,0,0,3,0,0,0,0,0,0,0,10,7.4,5.0,11.0,2.3,1,0.13,0.02,0.15,1.80,45,59841,340133,77309,17468,197
198,19,19,0,False,2023-08-20T15:30:00Z,3.0,1.0,2,0,0,0,0,0,0,0,0,0,0,0,0,0,0.0,0.0,0.0,0.0,0,0.00,0.00,0.00,0.00,50,-5513,51606,3408,8921,198
199,19,19,0,False,2023-08-20T15:30:00Z,3.0,1.0,2,90,0,0,0,3,0,0,1,0,0,0,0,9,23.0,69.7,22.0,11.5,1,0.82,0.35,1.17,1.80,50,47125,428097,75645,28520,199
200,19,19,0,False,2023-08-20T15:30:00Z,3.0,1.0,2,0,0,0,0,0,0,0,0,0,0,0,0,0,0.0,0.0,0.0,0.0,0,0.00,0.00,0.00,0.00,50,-179,499,0,179,200
201,19,19,0,False,2023-08-20T15:30:00Z,3.0,1.0,2,0,0,0,0,0,0,0,0,0,0,0,0,0,0.0,0.0,0.0,0.0,0,0.00,0.00,0.00,0.00,45,-1107,3461,81,1188,201
202,19,19,2,False,2023-08-20T15:30:00Z,3.0,1.0,2,74,0,0,0,2,0,0,0,0,0,0,0,15,15.0,7.2,12.0,3.4,1,0.13,0.03,0.16,0.88,55,721,44373,5960,5239,202
203,19,19,1,False,2023-08-20T15:30:00Z,3.0,1.0,2,82,0,0,0,2,0,0,0,0,0,0,0,20,16.8,10.1,5.0,3.2,1,0.05,0.05,0.10,0.90,40,66609,182743,76133,9524,203
204,19,19,0,False,2023-08-20T15:30:00Z,3.0,1.0,2,0,0,0,0,0,0,0,0,0,0,0,0,0,0.0,0.0,0.0,0.0,0,0.00,0.00,0.00,0.00,45,-1700,18546,1068,2768,204
205,19,19,0,False,2023-08-20T15:30:00Z,3.0,1.0,2,0,0,0,0,0,0,0,0,0,0,0,0,0,0.0,0.0,0.0,0.0,0,0.00,0.00,0.00,0.00,50,-653,4636,134,787,205
206,19,19,0,False,2023-08-20T15:30:00Z,3.0,1.0,2,0,0,0,0,0,0,0,0,0,0,0,0,0,0.0,0.0,0.0,0.0,0,0.00,0.00,0.00,0.00,55,-227203,1280455,189714,416917,206
207,19,19,0,False,2023-08-20T15:30:00Z,3.0,1.0,2,0,0,0,0,0,0,0,0,0,0,0,0,0,0.0,0.0,0.0,0.0,0,0.00,0.00,0.00,0.00,70,-13539,59264,5544,19083,207
208,19,19,1,False,2023-08-20T15:30:00Z,3.0,1.0,2,15,0,0,0,1,0,0,0,0,0,0,0,3,3.6,1.6,13.0,1.8,0,0.05,0.02,0.07,0.92,55,-1340,8342,563,1903,208
209,18,18,2,False,2023-08-19T16:30:00Z,2.0,0.0,2,84,0,0,0,2,0,0,0,0,0,0,0,9,11.0,28.0,0.0,3.9,1,0.00,0.03,0.03,1.74,70,-32556,296832,8177,40733,209
210,19,19,1,False,2023-08-20T15:30:00Z,3.0,1.0,2,45,0,0,0,2,0,0,0,0,0,0,0,8,8.6,38.3,16.0,6.3,0,0.08,0.15,0.23,1.07,65,-37395,231181,10637,48032,210
211,19,19,1,False,2023-08-20T15:30:00Z,3.0,1.0,2,90,0,0,0,3,0,0,0,1,0,0,0,6,6.8,14.0,19.0,4.0,1,0.79,0.04,0.83,1.80,70,62065,1463154,152907,90842,211
212,19,19,0,False,2023-08-20T15:30:00Z,3.0,1.0,2,0,0,0,0,0,0,0,0,0,0,0,0,0,0.0,0.0,0.0,0.0,0,0.00,0.00,0.00,0.00,74,-66615,90222,1403,68018,212
213,19,19,0,False,2023-08-20T15:30:00Z,3.0,1.0,2,0,0,0,0,0,0,0,0,0,0,0,0,0,0.0,0.0,0.0,0.0,0,0.00,0.00,0.00,0.00,55,-217,559,0,217,213
214,19,19,0,False,2023-08-20T15:30:00Z,3.0,1.0,2,0,0,0,0,0,0,0,0,0,0,0,0,0,0.0,0.0,0.0,0.0,0,0.00,0.00,0.00,0.00,45,-983,9688,257,1240,214
215,19,19,0,False,2023-08-20T15:30:00Z,3.0,1.0,2,0,0,0,0,0,0,0,0,0,0,0,0,0,0.0,0.0,0.0,0.0,0,0.00,0.00,0.00,0.00,40,-1404,5353,0,1404,215
216,19,19,2,False,2023-08-20T15:30:00Z,3.0,1.0,2,90,0,0,0,3,0,0,0,0,0,0,0,13,15.0,30.5,37.0,8.3,1,0.06,0.23,0.29,1.80,70,7199,181498,25125,17926,216
217,19,19,1,False,2023-08-20T15:30:00Z,3.0,1.0,2,90,0,0,0,3,0,0,0,0,0,0,0,16,27.8,4.3,5.0,3.7,1,0.04,0.04,0.08,1.80,50,14631,247836,30150,15519,217
218,19,19,0,False,2023-08-20T15:30:00Z,3.0,1.0,2,0,0,0,0,0,0,0,0,0,0,0,0,0,0.0,0.0,0.0,0.0,0,0.00,0.00,0.00,0.00,55,-3358,18826,816,4174,218
219,12,1,1,True,2023-08-21T19:00:00Z,0.0,1.0,2,16,0,0,0,0,0,0,0,0,0,0,0,6,4.4,2.6,0.0,0.7,0,0.00,0.02,0.02,0.00,45,-1429,23579,846,2275,219
220,12,1,2,True,2023-08-21T19:00:00Z,0.0,1.0,2,90,0,0,0,1,0,0,0,0,0,0,0,14,21.0,8.3,0.0,2.9,1,0.00,0.02,0.02,2.00,45,100984,257659,113569,12585,220
221,12,1,1,True,2023-08-21T19:00:00Z,0.0,1.0,2,90,0,0,0,1,0,0,0,1,0,0,0,2,3.6,12.7,22.0,3.8,1,0.18,0.03,0.21,2.00,55,4871,38180,8288,3417,221
222,12,1,0,True,2023-08-21T19:00:00Z,0.0,1.0,2,0,0,0,0,0,0,0,0,0,0,0,0,0,0.0,0.0,0.0,0.0,0,0.00,0.00,0.00,0.00,45,-1434,11895,388,1822,222
223,12,1,1,True,2023-08-21T19:00:00Z,0.0,1.0,2,90,0,0,0,1,0,0,0,1,0,0,0,8,5.2,4.4,6.0,1.6,1,0.11,0.10,0.21,2.00,50,839,7011,1583,744,223
224,12,1,0,True,2023-08-21T19:00:00Z,0.0,1.0,2,0,0,0,0,0,0,0,0,0,0,0,0,0,0.0,0.0,0.0,0.0,0,0.00,0.00,0.00,0.00,45,-663,5383,310,973,224
225,12,1,2,True,2023-08-21T19:00:00Z,0.0,1.0,2,90,0,0,0,1,0,0,0,0,0,0,0,0,7.6,13.1,48.0,6.9,1,0.48,0.06,0.54,2.00,55,3380,190616,20131,16751,225
226,12,1,2,True,2023-08-21T19:00:00Z,0.0,1.0,2,90,0,0,0,1,0,0,0,0,0,0,0,14,9.2,22.9,23.0,5.5,1,0.25,0.15,0.40,2.00,65,-155238,1335065,27372,182610,226
227,12,1,0,True,2023-08-21T19:00:00Z,0.0,1.0,2,0,0,0,0,0,0,0,0,0,0,0,0,0,0.0,0.0,0.0,0.0,0,0.00,0.00,0.00,0.00,45,-10691,74486,890,11581,227
228,12,1,2,True,2023-08-21T19:00:00Z,0.0,1.0,2,90,0,0,0,1,0,0,0,0,0,0,0,15,26.2,3.5,0.0,3.0,1,0.00,0.06,0.06,2.00,45,5189,172423,15012,9823,228
229,12,1,0,True,2023-08-21T19:00:00Z,0.0,1.0,2,0,0,0,0,0,0,0,0,0,0,0,0,0,0.0,0.0,0.0,0.0,0,0.00,0.00,0.00,0.00,50,-190,564,10,200,229
230,12,1,2,True,2023-08-21T19:00:00Z,0.0,1.0,2,90,0,0,0,1,0,0,0,0,0,2,0,8,4.8,0.0,0.0,0.5,1,0.00,0.00,0.00,2.00,45,5233,193051,13594,8361,230
231,12,1,2,True,2023-08-21T19:00:00Z,0.0,1.0,2,90,0,0,0,1,0,0,0,0,0,0,0,16,16.2,24.7,4.0,4.5,1,0.00,0.13,0.13,2.00,50,-2970,32665,635,3605,231
232,12,1,0,True,2023-08-21T19:00:00Z,0.0,1.0,2,0,0,0,0,0,0,0,0,0,0,0,0,0,0.0,0.0,0.0,0.0,0,0.00,0.00,0.00,0.00,50,-5080,33479,1821,6901,232
233,12,1,0,True,2023-08-21T19:00:00Z,0.0,1.0,2,0,0,0,0,0,0,0,0,0,0,0,0,0,0.0,0.0,0.0,0.0,0,0.00,0.00,0.00,0.00,40,-319,12686,418,737,233
234,12,1,2,True,2023-08-21T19:00:00Z,0.0,1.0,2,90,0,0,0,1,0,0,0,0,0,0,0,15,10.8,28.2,8.0,4.7,1,0.03,0.13,0.16,2.00,45,17680,68294,21301,3621,234
235,12,1,0,True,2023-08-21T19:00:00Z,0.0,1.0,2,0,0,0,0,0,0,0,0,0,0,0,0,0,0.0,0.0,0.0,0.0,0,0.00,0.00,0.00,0.00,40,-1849,12560,415,2264,235
236,12,1,0,True,2023-08-21T19:00:00Z,0.0,1.0,2,0,0,0,0,0,0,0,0,0,0,0,0,0,0.0,0.0,0.0,0.0,0,0.00,0.00,0.00,0.00,60,-3708,10126,589,4297,236
237,12,1,0,True,2023-08-21T19:00:00Z,0.0,1.0,2,0,0,0,0,0,0,0,0,0,0,0,0,0,0.0,0.0,0.0,0.0,0,0.00,0.00,0.00,0.00,45,-493,2049,0,493,237
238,12,1,0,True,2023-08-21T19:00:00Z,0.0,1.0,2,0,0,0,0,0,0,0,0,0,0,0,0,0,0.0,0.0,0.0,0.0,0,0.00,0.00,0.00,0.00,40,-3056,40486,731,3787,238
239,12,1,0,True,2023-08-21T19:00:00Z,0.0,1.0,2,0,0,0,0,0,0,0,0,0,0,0,0,0,0.0,0.0,0.0,0.0,0,0.00,0.00,0.00,0.00,45,-388,5586,339,727,239
240,12,1,2,True,2023-08-21T19:00:00Z,0.0,1.0,2,73,0,0,0,1,0,0,0,0,0,0,0,9,8.4,21.5,0.0,3.0,1,0.00,0.02,0.02,2.00,50,-942,15545,651,1593,240
241,12,1,0,True,2023-08-21T19:00:00Z,0.0,1.0,2,0,0,0,0,0,0,0,0,0,0,0,0,0,0.0,0.0,0.0,0.0,0,0.00,0.00,0.00,0.00,40,1603,87036,6932,5329,241
242,12,1,2,True,2023-08-21T19:00:00Z,0.0,1.0,2,82,0,0,0,1,0,0,0,0,0,0,0,10,10.6,1.2,0.0,1.2,1,0.00,0.00,0.00,2.00,45,1868,24888,3347,1479,242
243,12,1,0,True,2023-08-21T19:00:00Z,0.0,1.0,2,0,0,0,0,0,0,0,0,0,0,0,0,0,0.0,0.0,0.0,0.0,0,0.00,0.00,0.00,0.00,40,1189,123228,5951,4762,243
244,11,2,0,False,2023-08-20T13:00:00Z,4.0,0.0,2,0,0,0,0,0,0,0,0,0,0,0,0,0,0.0,0.0,0.0,0.0,0,0.00,0.00,0.00,0.00,45,-1998,25286,1623,3621,244
245,11,2,0,False,2023-08-20T13:00:00Z,4.0,0.0,2,0,0,0,0,0,0,0,0,0,0,0,0,0,0.0,0.0,0.0,0.0,0,0.00,0.00,0.00,0.00,40,-2116,35684,904,3020,245
246,11,2,1,False,2023-08-20T13:00:00Z,4.0,0.0,2,37,0,0,0,2,0,0,0,0,0,0,0,1,0.0,1.6,4.0,0.3,1,0.00,0.00,0.00,2.12,59,-25180,60702,896,26076,246
247,11,2,0,False,2023-08-20T13:00:00Z,4.0,0.0,2,0,0,0,0,0,0,0,0,0,0,0,0,0,0.0,0.0,0.0,0.0,0,0.00,0.00,0.00,0.00,45,-1798,4527,60,1858,247
248,11,2,0,False,2023-08-20T13:00:00Z,4.0,0.0,2,0,0,0,0,0,0,0,0,0,0,0,0,0,0.0,0.0,0.0,0.0,0,0.00,0.00,0.00,0.00,50,-1194,3103,75,1269,248
249,11,2,2,False,2023-08-20T13:00:00Z,4.0,0.0,2,90,0,0,0,4,0,0,0,0,0,0,0,2,0.6,15.0,8.0,2.4,1,0.09,0.03,0.12,3.11,55,-952,21324,1981,2933,249
250,11,2,2,False,2023-08-20T13:00:00Z,4.0,0.0,2,90,0,0,0,4,0,0,0,0,0,0,0,8,13.8,18.4,4.0,3.6,1,0.03,0.14,0.17,3.11,50,-208,4037,262,470,250
251,11,2,0,False,2023-08-20T13:00:00Z,4.0,0.0,2,0,0,0,0,0,0,0,0,0,0,0,0,0,0.0,0.0,0.0,0.0,0,0.00,0.00,0.00,0.00,45,-251,2860,147,398,251
252,11,2,0,False,2023-08-20T13:00:00Z,4.0,0.0,2,0,0,0,0,0,0,0,0,0,0,0,0,0,0.0,0.0,0.0,0.0,0,0.00,0.00,0.00,0.00,45,-1767,16246,531,2298,252
253,11,2,0,False,2023-08-20T13:00:00Z,4.0,0.0,2,0,0,0,0,0,0,0,0,0,0,0,0,0,0.0,0.0,0.0,0.0,0,0.00,0.00,0.00,0.00,55,-6674,28908,754,7428,253
254,11,2,0,False,2023-08-20T13:00:00Z,4.0,0.0,2,45,0,0,0,2,0,0,0,1,0,0,0,1,0.8,1.5,0.0,0.2,1,0.00,0.00,0.00,2.12,50,-423,4717,271,694,254
255,11,2,0,False,2023-08-20T13:00:00Z,4.0,0.0,2,0,0,0,0,0,0,0,0,0,0,0,0,0,0.0,0.0,0.0,0.0,0,0.00,0.00,0.00,0.00,40,-11068,157958,2488,13556,255
256,11,2,1,False,2023-08-20T13:00:00Z,4.0,0.0,2,50,0,0,0,2,0,0,0,0,0,0,0,4,5.0,14.5,2.0,2.2,1,0.00,0.07,0.07,2.13,55,-6783,74543,2583,9366,256
257,11,2,-1,False,2023-08-20T13:00:00Z,4.0,0.0,2,90,0,0,0,4,0,0,0,1,0,0,0,6,7.2,0.5,0.0,0.8,1,0.00,0.01,0.01,3.11,45,-164,28206,1991,2155,257
258,11,2,1,False,2023-08-20T13:00:00Z,4.0,0.0,2,39,0,0,0,2,0,0,0,0,0,0,0,-1,3.0,1.6,19.0,2.4,0,0.15,0.02,0.17,0.98,50,-323,113529,14343,14666,258
259,11,2,0,False,2023-08-20T13:00:00Z,4.0,0.0,2,0,0,0,0,0,0,0,0,0,0,0,0,0,0.0,0.0,0.0,0.0,0,0.00,0.00,0.00,0.00,55,-2834,6235,25,2859,259
260,11,2,0,False,2023-08-20T13:00:00Z,4.0,0.0,2,0,0,0,0,0,0,0,0,0,0,0,0,0,0.0,0.0,0.0,0.0,0,0.00,0.00,0.00,0.00,45,-2892,18316,291,3183,260
261,11,2,2,False,2023-08-20T13:00:00Z,4.0,0.0,2,90,0,0,0,4,0,0,0,0,0,0,0,14,6.0,3.5,0.0,1.0,1,0.00,0.02,0.02,3.11,50,-1450,22932,1310,2760,261
262,11,2,-1,False,2023-08-20T13:00:00Z,4.0,0.0,2,90,0,0,0,4,0,0,0,1,0,0,0,15,13.0,15.5,4.0,3.3,1,0.03,0.07,0.10,3.11,45,-349,20137,1042,1391,262
263,11,2,0,False,2023-08-20T13:00:00Z,4.0,0.0,2,90,0,0,0,4,0,0,0,1,0,3,0,7,15.6,0.0,0.0,1.6,1,0.00,0.00,0.00,3.11,45,-47307,1322797,22782,70089,263
264,11,2,0,False,2023-08-20T13:00:00Z,4.0,0.0,2,0,0,0,0,0,0,0,0,0,0,0,0,0,0.0,0.0,0.0,0.0,0,0.00,0.00,0.00,0.00,45,-333,4163,0,333,264
265,11,2,0,False,2023-08-20T13:00:00Z,4.0,0.0,2,90,0,0,0,4,0,0,0,0,0,0,0,14,14.4,0.5,9.0,2.4,1,0.21,0.01,0.22,3.11,45,-5671,183289,5814,11485,265
266,11,2,0,False,2023-08-20T13:00:00Z,4.0,0.0,2,0,0,0,0,0,0,0,0,0,0,0,0,0,0.0,0.0,0.0,0.0,0,0.00,0.00,0.00,0.00,40,-2525,49608,375,2900,266
267,13,4,2,True,2023-08-19T14:00:00Z,0.0,3.0,2,67,0,0,0,2,0,0,0,0,0,0,0,8,2.6,11.3,6.0,2.0,1,0.02,0.01,0.03,1.94,55,4046,105836,13051,9005,267
268,13,4,0,True,2023-08-19T14:00:00Z,0.0,3.0,2,0,0,0,0,0,0,0,0,0,0,0,0,0,0.0,0.0,0.0,0.0,0,0.00,0.00,0.00,0.00,50,-54,1494,146,200,268
269,13,4,0,True,2023-08-19T14:00:00Z,0.0,3.0,2,0,0,0,0,0,0,0,0,0,0,0,0,0,0.0,0.0,0.0,0.0,0,0.00,0.00,0.00,0.00,50,-596,736,0,596,269
270,13,4,2,True,2023-08-19T14:00:00Z,0.0,3.0,2,67,0,0,0,2,0,0,0,0,0,0,0,4,0.0,1.2,10.0,0.8,1,0.15,0.01,0.16,1.94,55,5776,19528,7458,1682,270
271,13,4,1,True,2023-08-19T14:00:00Z,0.0,3.0,2,90,0,0,0,3,0,0,0,0,0,0,0,9,7.6,2.6,6.0,1.6,1,0.12,0.02,0.14,3.80,45,39463,102436,44288,4825,271
272,13,4,0,True,2023-08-19T14:00:00Z,0.0,3.0,2,0,0,0,0,0,0,0,0,0,0,0,0,0,0.0,0.0,0.0,0.0,0,0.00,0.00,0.00,0.00,45,-248,2930,153,401,272
273,13,4,0,True,2023-08-19T14:00:00Z,0.0,3.0,2,0,0,0,0,0,0,0,0,0,0,0,0,0,0.0,0.0,0.0,0.0,0,0.00,0.00,0.00,0.00,45,-755,8688,366,1121,273
274,13,4,0,True,2023-08-19T14:00:00Z,0.0,3.0,2,0,0,0,0,0,0,0,0,0,0,0,0,0,0.0,0.0,0.0,0.0,0,0.00,0.00,0.00,0.00,40,-918,13673,449,1367,274
275,13,4,2,True,2023-08-19T14:00:00Z,0.0,3.0,2,90,0,0,0,3,0,0,0,0,0,5,0,19,41.4,0.0,0.0,4.1,1,0.00,0.00,0.00,3.80,45,114735,871896,134998,20263,275
276,13,4,2,True,2023-08-19T14:00:00Z,0.0,3.0,2,90,0,0,0,3,0,0,0,0,0,0,0,14,11.0,18.3,4.0,3.3,1,0.00,0.05,0.05,3.80,45,26374,72725,35175,8801,276
277,13,4,0,True,2023-08-19T14:00:00Z,0.0,3.0,2,0,0,0,0,0,0,0,0,0,0,0,0,0,0.0,0.0,0.0,0.0,0,0.00,0.00,0.00,0.00,40,-2312,51802,2062,4374,277
278,13,4,0,True,2023-08-19T14:00:00Z,0.0,3.0,2,0,0,0,0,0,0,0,0,0,0,0,0,0,0.0,0.0,0.0,0.0,0,0.00,0.00,0.00,0.00,75,-90313,315027,15405,105718,278
279,13,4,1,True,2023-08-19T14:00:00Z,0.0,3.0,2,4,0,0,0,1,0,0,0,0,0,0,0,3,0.0,0.0,0.0,0.0,0,0.00,0.00,0.00,1.27,45,-3849,42124,1589,5438,279
280,13,4,0,True,2023-08-19T14:00:00Z,0.0,3.0,2,23,0,0,0,1,0,0,0,1,0,0,0,0,3.4,1.2,0.0,0.5,0,0.00,0.01,0.01,1.87,50,-3883,11372,159,4042,280
281,13,4,-2,True,2023-08-19T14:00:00Z,0.0,3.0,2,63,0,0,0,3,0,0,0,0,1,0,0,1,0.0,1.8,2.0,0.3,1,0.00,0.01,0.01,6.46,45,12425,62637,15386,2961,281
282,13,4,1,True,2023-08-19T14:00:00Z,0.0,3.0,2,66,0,0,0,2,0,0,0,1,0,0,0,9,13.0,33.8,2.0,4.9,1,0.00,0.08,0.08,1.94,50,-6612,81757,1553,8165,282
283,13,4,1,True,2023-08-19T14:00:00Z,0.0,3.0,2,90,0,0,0,3,0,0,0,0,0,0,0,12,6.6,4.1,0.0,1.1,1,0.00,0.03,0.03,3.80,45,7630,70130,10551,2921,283
284,13,4,0,True,2023-08-19T14:00:00Z,0.0,3.0,2,0,0,0,0,0,0,0,0,0,0,0,0,0,0.0,0.0,0.0,0.0,0,0.00,0.00,0.00,0.00,40,-1029,39143,970,1999,284
285,13,4,1,True,2023-08-19T14:00:00Z,0.0,3.0,2,85,0,0,0,2,0,0,0,0,0,0,0,19,15.4,3.5,0.0,1.9,1,0.00,0.07,0.07,2.54,45,3145,62758,5892,2747,285
286,13,4,0,True,2023-08-19T14:00:00Z,0.0,3.0,2,0,0,0,0,0,0,0,0,0,0,0,0,0,0.0,0.0,0.0,0.0,0,0.00,0.00,0.00,0.00,45,-886,7142,115,1001,286
287,13,4,0,True,2023-08-19T14:00:00Z,0.0,3.0,2,0,0,0,0,0,0,0,0,0,0,0,0,0,0.0,0.0,0.0,0.0,0,0.00,0.00,0.00,0.00,50,-53787,325260,9005,62792,287
288,13,4,2,True,2023-08-19T14:00:00Z,0.0,3.0,2,90,0,0,0,3,0,0,0,0,0,0,0,8,11.0,20.8,26.0,5.8,1,0.05,0.14,0.19,3.80,55,1268,20686,3379,2111,288
289,14,3,0,True,2023-08-19T14:00:00Z,3.0,1.0,2,0,0,0,0,0,0,0,0,0,0,0,0,0,0.0,0.0,0.0,0.0,0,0.00,0.00,0.00,0.00,40,-331,31365,1529,1860,289
290,14,3,2,True,2023-08-19T14:00:00Z,3.0,1.0,2,75,0,0,0,1,0,0,0,0,0,0,0,18,18.4,37.1,38.0,9.4,1,0.13,0.12,0.25,0.45,80,6308,1689685,83246,76938,290
291,14,3,2,True,2023-08-19T14:00:00Z,3.0,1.0,2,90,0,0,0,1,0,0,0,1,0,4,0,16,29.0,0.0,0.0,2.9,1,0.00,0.00,0.00,1.29,55,25552,894466,66646,41094,291
292,14,3,0,True,2023-08-19T14:00:00Z,3.0,1.0,2,0,0,0,0,0,0,0,0,0,0,0,0,0,0.0,0.0,0.0,0.0,0,0.00,0.00,0.00,0.00,50,-848,4935,369,1217,292
293,14,3,1,True,2023-08-19T14:00:00Z,3.0,1.0,2,4,0,0,0,0,0,0,0,0,0,0,0,5,2.2,0.0,0.0,0.2,0,0.00,0.00,0.00,0.28,75,-143608,1106632,67659,211267,293
294,14,3,12,True,2023-08-19T14:00:00Z,3.0,1.0,2,75,1,1,0,1,0,0,0,0,0,0,2,33,39.8,22.9,98.0,16.1,1,0.69,0.12,0.81,0.45,80,-2050,267516,29834,31884,294
295,14,3,1,True,2023-08-19T14:00:00Z,3.0,1.0,2,14,0,0,0,0,0,0,0,0,0,0,0,2,0.4,1.1,0.0,0.2,0,0.00,0.00,0.00,0.84,50,-2092,20553,1229,3321,295
296,14,3,0,True,2023-08-19T14:00:00Z,3.0,1.0,2,0,0,0,0,0,0,0,0,0,0,0,0,0,0.0,0.0,0.0,0.0,0,0.00,0.00,0.00,0.00,50,-620,1197,0,620,296
297,14,3,2,True,2023-08-19T14:00:00Z,3.0,1.0,2,62,0,0,0,1,0,0,0,0,0,0,0,10,5.6,11.8,11.0,2.8,1,0.24,0.04,0.28,0.19,75,-31755,570407,47557,79312,297
298,14,3,1,True,2023-08-19T14:00:00Z,3.0,1.0,2,14,0,0,0,0,0,0,0,0,0,0,0,4,3.6,0.8,0.0,0.4,0,0.00,0.00,0.00,0.84,45,-2163,28148,1403,3566,298
299,14,3,0,True,2023-08-19T14:00:00Z,3.0,1.0,2,0,0,0,0,0,0,0,0,0,0,0,0,0,0.0,0.0,0.0,0.0,0,0.00,0.00,0.00,0.00,50,-434,913,0,434,299
300,14,3,0,True,2023-08-19T14:00:00Z,3.0,1.0,2,0,0,0,0,0,0,0,0,0,0,0,0,0,0.0,0.0,0.0,0.0,0,0.00,0.00,0.00,0.00,50,-1302,11824,547,1849,300
301,14,3,0,True,2023-08-19T14:00:00Z,3.0,1.0,2,0,0,0,0,0,0,0,0,0,0,0,0,0,0.0,0.0,0.0,0.0,0,0.00,0.00,0.00,0.00,40,-1043,27412,772,1815,301
302,14,3,2,True,2023-08-19T14:00:00Z,3.0,1.0,2,90,0,0,0,1,0,0,0,0,0,0,0,16,18.6,0.6,4.0,2.3,1,0.05,0.00,0.05,1.29,50,51617,216688,66162,14545,302
303,14,3,7,True,2023-08-19T14:00:00Z,3.0,1.0,2,85,1,0,0,1,0,0,0,0,0,0,0,28,36.2,28.1,28.0,9.2,1,0.42,0.22,0.64,1.00,76,305197,911746,334046,28849,303
304,14,3,-2,True,2023-08-19T14:00:00Z,3.0,1.0,2,57,0,0,0,1,0,0,0,0,1,0,0,1,7.8,7.9,0.0,1.6,1,0.00,0.05,0.05,2.38,60,-57686,1022382,45356,103042,304
305,14,3,0,True,2023-08-19T14:00:00Z,3.0,1.0,2,0,0,0,0,0,0,0,0,0,0,0,0,0,0.0,0.0,0.0,0.0,0,0.00,0.00,0.00,0.00,50,-2355,24028,1184,3539,305
306,14,3,0,True,2023-08-19T14:00:00Z,3.0,1.0,2,0,0,0,0,0,0,0,0,0,0,0,0,0,0.0,0.0,0.0,0.0,0,0.00,0.00,0.00,0.00,40,-1409,23303,1127,2536,306
307,14,3,2,True,2023-08-19T14:00:00Z,3.0,1.0,2,90,0,0,0,1,0,0,0,0,0,0,0,19,19.8,50.2,0.0,7.0,1,0.00,0.21,0.21,1.29,65,25781,392028,48897,23116,307
308,14,3,5,True,2023-08-19T14:00:00Z,3.0,1.0,2,85,1,0,0,1,0,0,1,0,0,0,0,15,41.4,33.0,79.0,15.3,1,1.23,0.11,1.34,1.00,125,163064,2739755,211617,48553,308
309,14,3,5,True,2023-08-19T14:00:00Z,3.0,1.0,2,90,0,1,0,1,0,0,0,0,0,0,0,26,15.2,15.9,22.0,5.3,1,0.12,0.05,0.17,1.29,70,-10856,340429,26038,36894,309
310,14,3,0,True,2023-08-19T14:00:00Z,3.0,1.0,2,0,0,0,0,0,0,0,0,0,0,0,0,0,0.0,0.0,0.0,0.0,0,0.00,0.00,0.00,0.00,50,-3543,21793,1075,4618,310
311,14,3,1,True,2023-08-19T14:00:00Z,3.0,1.0,2,4,0,0,0,0,0,0,0,0,0,0,0,3,0.2,0.3,0.0,0.1,0,0.00,0.00,0.00,0.28,45,-1247,11151,324,1571,311
312,14,3,0,True,2023-08-19T14:00:00Z,3.0,1.0,2,0,0,0,0,0,0,0,0,0,0,0,0,0,0.0,0.0,0.0,0.0,0,0.00,0.00,0.00,0.00,40,-761,3230,0,761,312
313,14,3,2,True,2023-08-19T14:00:00Z,3.0,1.0,2,90,0,0,0,1,0,0,0,0,0,0,0,17,18.6,11.3,23.0,5.3,1,0.21,0.02,0.23,1.29,60,29679,932127,76711,47032,313
341,16,15,7,True,2023-08-19T19:00:00Z,1.0,0.0,2,90,0,0,1,0,0,0,0,0,0,0,1,28,16.4,16.0,1.0,3.3,1,0.03,0.02,0.05,0.29,50,90710,559028,119275,28565,341
342,16,15,0,True,2023-08-19T19:00:00Z,1.0,0.0,2,0,0,0,0,0,0,0,0,0,0,0,0,0,0.0,0.0,0.0,0.0,0,0.00,0.00,0.00,0.00,50,201248,664994,229935,28687,342
343,16,15,7,True,2023-08-19T19:00:00Z,1.0,0.0,2,90,1,0,1,0,0,0,0,1,0,0,2,33,38.4,27.5,21.0,8.7,1,0.11,0.02,0.13,0.29,65,22454,488030,74423,51969,343
344,16,15,0,True,2023-08-19T19:00:00Z,1.0,0.0,2,0,0,0,0,0,0,0,0,0,0,0,0,0,0.0,0.0,0.0,0.0,0,0.00,0.00,0.00,0.00,65,-106448,339577,30229,136677,344
345,16,15,0,True,2023-08-19T19:00:00Z,1.0,0.0,2,0,0,0,0,0,0,0,0,0,0,0,0,0,0.0,0.0,0.0,0.0,0,0.00,0.00,0.00,0.00,45,-247,2936,205,452,345
346,16,15,0,True,2023-08-19T19:00:00Z,1.0,0.0,2,0,0,0,0,0,0,0,0,0,0,0,0,0,0.0,0.0,0.0,0.0,0,0.00,0.00,0.00,0.00,59,-81157,256973,8051,89208,346
347,16,15,0,True,2023-08-19T19:00:00Z,1.0,0.0,2,0,0,0,0,0,0,0,0,0,0,0,0,0,0.0,0.0,0.0,0.0,0,0.00,0.00,0.00,0.00,40,-377,7086,280,657,347
348,16,15,0,True,2023-08-19T19:00:00Z,1.0,0.0,2,0,0,0,0,0,0,0,0,0,0,0,0,0,0.0,0.0,0.0,0.0,0,0.00,0.00,0.00,0.00,45,-20,50,0,20,348
349,16,15,0,True,2023-08-19T19:00:00Z,1.0,0.0,2,0,0,0,0,0,0,0,0,0,0,0,0,0,0.0,0.0,0.0,0.0,0,0.00,0.00,0.00,0.00,104,-969543,422194,6557,976100,349
350,16,15,7,True,2023-08-19T19:00:00Z,1.0,0.0,2,90,0,0,1,0,0,0,0,0,0,0,1,28,10.6,1.9,0.0,1.3,1,0.00,0.01,0.01,0.29,55,-86857,545672,34260,121117,350
351,16,15,0,True,2023-08-19T19:00:00Z,1.0,0.0,2,0,0,0,0,0,0,0,0,0,0,0,0,0,0.0,0.0,0.0,0.0,0,0.00,0.00,0.00,0.00,45,-213,2004,124,337,351
352,16,15,6,True,2023-08-19T19:00:00Z,1.0,0.0,2,90,0,0,1,0,0,0,0,0,0,1,0,25,12.8,10.0,0.0,2.3,1,0.00,0.01,0.01,0.29,55,32402,1469985,88878,56476,352
353,16,15,9,True,2023-08-19T19:00:00Z,1.0,0.0,2,90,0,1,1,0,0,0,0,0,0,0,3,35,37.4,91.6,28.0,15.7,1,0.33,0.53,0.86,0.29,75,-10035,779132,77947,87982,353
354,16,15,3,True,2023-08-19T19:00:00Z,1.0,0.0,2,90,0,0,1,0,0,0,0,0,0,0,0,7,12.6,9.5,19.0,4.1,1,0.09,0.04,0.13,0.29,74,-97274,425129,13903,111177,354
355,16,15,2,True,2023-08-19T19:00:00Z,1.0,0.0,2,90,0,0,1,0,0,0,0,0,0,0,0,1,3.2,11.8,48.0,6.3,1,0.43,0.02,0.45,0.29,140,132944,8231668,161773,28829,355
356,16,15,3,True,2023-08-19T19:00:00Z,1.0,0.0,2,90,0,0,1,0,0,0,0,0,0,0,0,15,6.4,9.0,4.0,1.9,1,0.10,0.04,0.14,0.29,50,-1687,99862,11178,12865,356
357,16,15,0,True,2023-08-19T19:00:00Z,1.0,0.0,2,0,0,0,0,0,0,0,0,0,0,0,0,0,0.0,0.0,0.0,0.0,0,0.00,0.00,0.00,0.00,50,-5238,35576,1232,6470,357
358,16,15,0,True,2023-08-19T19:00:00Z,1.0,0.0,2,0,0,0,0,0,0,0,0,0,0,0,0,0,0.0,0.0,0.0,0.0,0,0.00,0.00,0.00,0.00,45,17713,64137,24989,7276,358
359,16,15,0,True,2023-08-19T19:00:00Z,1.0,0.0,2,0,0,0,0,0,0,0,0,0,0,0,0,0,0.0,0.0,0.0,0.0,0,0.00,0.00,0.00,0.00,75,-3355,6275,0,3355,359
360,16,15,0,True,2023-08-19T19:00:00Z,1.0,0.0,2,0,0,0,0,0,0,0,0,0,0,0,0,0,0.0,0.0,0.0,0.0,0,0.00,0.00,0.00,0.00,45,42,4083,623,581,360
361,16,15,0,True,2023-08-19T19:00:00Z,1.0,0.0,2,0,0,0,0,0,0,0,0,0,0,0,0,0,0.0,0.0,0.0,0.0,0,0.00,0.00,0.00,0.00,40,-4559,63680,1564,6123,361
362,16,15,0,True,2023-08-19T19:00:00Z,1.0,0.0,2,0,0,0,0,0,0,0,0,0,0,0,0,0,0.0,0.0,0.0,0.0,0,0.00,0.00,0.00,0.00,50,2590,20208,5670,3080,362
363,16,15,0,True,2023-08-19T19:00:00Z,1.0,0.0,2,0,0,0,0,0,0,0,0,0,0,0,0,0,0.0,0.0,0.0,0.0,0,0.00,0.00,0.00,0.00,45,-279,2486,210,489,363
364,16,15,0,True,2023-08-19T19:00:00Z,1.0,0.0,2,0,0,0,0,0,0,0,0,0,0,0,0,0,0.0,0.0,0.0,0.0,0,0.00,0.00,0.00,0.00,50,-747,4124,123,870,364
365,16,15,3,True,2023-08-19T19:00:00Z,1.0,0.0,2,90,0,0,1,0,0,0,0,0,0,0,0,19,20.4,8.4,2.0,3.1,1,0.00,0.07,0.07,0.29,56,395603,831130,422644,27041,365
366,16,15,0,True,2023-08-19T19:00:00Z,1.0,0.0,2,0,0,0,0,0,0,0,0,0,0,0,0,0,0.0,0.0,0.0,0.0,0,0.00,0.00,0.00,0.00,40,-6735,82354,2409,9144,366
367,16,15,0,True,2023-08-19T19:00:00Z,1.0,0.0,2,0,0,0,0,0,0,0,0,0,0,0,0,0,0.0,0.0,0.0,0.0,0,0.00,0.00,0.00,0.00,40,-571,13476,414,985,367
368,16,15,0,True,2023-08-19T19:00:00Z,1.0,0.0,2,0,0,0,0,0,0,0,0,0,0,0,0,0,0.0,0.0,0.0,0.0,0,0.00,0.00,0.00,0.00,54,-857450,1505031,17301,874751,368
369,16,15,6,True,2023-08-19T19:00:00Z,1.0,0.0,2,90,0,0,1,0,0,0,0,0,0,0,0,25,7.2,16.3,4.0,2.8,1,0.00,0.05,0.05,0.29,50,87981,477500,107637,19656,369
370,18,18,0,False,2023-08-19T16:30:00Z,2.0,0.0,2,0,0,0,0,0,0,0,0,0,0,0,0,0,0.0,0.0,0.0,0.0,0,0.00,0.00,0.00,0.00,45,-389,829,0,389,370
371,18,18,0,False,2023-08-19T16:30:00Z,2.0,0.0,2,0,0,0,0,0,0,0,0,0,0,0,0,0,0.0,0.0,0.0,0.0,0,0.00,0.00,0.00,0.00,45,-940,3677,83,1023,371
372,18,18,1,False,2023-08-19T16:30:00Z,2.0,0.0,2,65,0,0,0,1,0,0,0,1,0,0,0,1,8.0,12.4,13.0,3.3,1,0.23,0.05,0.28,1.25,70,-10910,116753,5592,16502,372
373,18,18,1,False,2023-08-19T16:30:00Z,2.0,0.0,2,90,0,0,0,2,0,0,0,1,0,0,0,13,13.0,54.4,26.0,9.3,1,0.76,0.42,1.18,1.80,85,-81782,2340614,80824,162606,373
374,18,18,0,False,2023-08-19T16:30:00Z,2.0,0.0,2,0,0,0,0,0,0,0,0,0,0,0,0,0,0.0,0.0,0.0,0.0,0,0.00,0.00,0.00,0.00,40,-1046,16339,724,1770,374
375,18,18,0,False,2023-08-19T16:30:00Z,2.0,0.0,2,0,0,0,0,0,0,0,0,0,0,0,0,0,0.0,0.0,0.0,0.0,0,0.00,0.00,0.00,0.00,40,-1282,19047,1041,2323,375
376,18,18,2,False,2023-08-19T16:30:00Z,2.0,0.0,2,90,0,0,0,2,0,0,0,0,0,0,0,7,17.2,5.3,38.0,6.1,1,0.40,0.02,0.42,1.80,55,-24728,419849,22609,47337,376
377,18,18,1,False,2023-08-19T16:30:00Z,2.0,0.0,2,24,0,0,0,1,0,0,0,0,0,0,0,4,6.6,2.2,2.0,1.1,0,0.00,0.01,0.01,0.55,50,-32377,146811,4362,36739,377
378,17,17,1,True,2023-08-18T18:45:00Z,2.0,1.0,2,21,0,0,0,0,0,0,0,0,0,0,0,3,1.4,0.5,4.0,0.6,0,0.03,0.00,0.03,0.27,50,26023,90812,32962,6939,378
379,18,18,1,False,2023-08-19T16:30:00Z,2.0,0.0,2,24,0,0,0,1,0,0,0,0,0,0,0,7,10.8,1.8,0.0,1.3,0,0.00,0.01,0.01,0.55,60,-5767,45143,1961,7728,379
380,18,18,0,False,2023-08-19T16:30:00Z,2.0,0.0,2,0,0,0,0,0,0,0,0,0,0,0,0,0,0.0,0.0,0.0,0.0,0,0.00,0.00,0.00,0.00,40,-1503,28376,2040,3543,380
381,18,18,0,False,2023-08-19T16:30:00Z,2.0,0.0,2,0,0,0,0,0,0,0,0,0,0,0,0,0,0.0,0.0,0.0,0.0,0,0.00,0.00,0.00,0.00,50,-5356,8539,322,5678,381
382,18,18,2,False,2023-08-19T16:30:00Z,2.0,0.0,2,65,0,0,0,1,0,0,0,0,0,0,0,9,7.4,12.1,43.0,6.3,1,0.21,0.05,0.26,1.25,50,-10833,232760,15286,26119,382
383,18,18,0,False,2023-08-19T16:30:00Z,2.0,0.0,2,0,0,0,0,0,0,0,0,0,0,0,0,0,0.0,0.0,0.0,0.0,0,0.00,0.00,0.00,0.00,45,-599,4858,254,853,383
384,18,18,0,False,2023-08-19T16:30:00Z,2.0,0.0,2,0,0,0,0,0,0,0,0,0,0,0,0,0,0.0,0.0,0.0,0.0,0,0.00,0.00,0.00,0.00,40,-1932,11925,102,2034,384
385,18,18,0,False,2023-08-19T16:30:00Z,2.0,0.0,2,0,0,0,0,0,0,0,0,0,0,0,0,0,0.0,0.0,0.0,0.0,0,0.00,0.00,0.00,0.00,45,-7508,29258,300,7808,385
386,18,18,0,False,2023-08-19T16:30:00Z,2.0,0.0,2,0,0,0,0,0,0,0,0,0,0,0,0,0,0.0,0.0,0.0,0.0,0,0.00,0.00,0.00,0.00,45,-1042,16412,762,1804,386
387,18,18,0,False,2023-08-19T16:30:00Z,2.0,0.0,2,0,0,0,0,0,0,0,0,0,0,0,0,0,0.0,0.0,0.0,0.0,0,0.00,0.00,0.00,0.00,45,-8272,43953,1457,9729,387
388,18,18,0,False,2023-08-19T16:30:00Z,2.0,0.0,2,0,0,0,0,0,0,0,0,0,0,0,0,0,0.0,0.0,0.0,0.0,0,0.00,0.00,0.00,0.00,45,-572,2279,95,667,388
389,18,18,0,False,2023-08-19T16:30:00Z,2.0,0.0,2,0,0,0,0,0,0,0,0,0,0,0,0,0,0.0,0.0,0.0,0.0,0,0.00,0.00,0.00,0.00,45,-1928,4150,43,1971,389
390,18,18,1,False,2023-08-19T16:30:00Z,2.0,0.0,2,5,0,0,0,0,0,0,0,0,0,0,0,3,4.2,11.0,0.0,1.5,0,0.00,0.01,0.01,0.07,65,-3118,20869,1578,4696,390
391,18,18,-1,False,2023-08-19T16:30:00Z,2.0,0.0,2,90,0,0,0,2,1,0,0,0,0,0,0,12,13.6,11.5,0.0,2.5,1,0.00,0.01,0.01,1.80,50,-62517,608208,24614,87131,391
392,18,18,0,False,2023-08-19T16:30:00Z,2.0,0.0,2,0,0,0,0,0,0,0,0,0,0,0,0,0,0.0,0.0,0.0,0.0,0,0.00,0.00,0.00,0.00,50,-670,7232,236,906,392
393,18,18,0,False,2023-08-19T16:30:00Z,2.0,0.0,2,0,0,0,0,0,0,0,0,0,0,0,0,0,0.0,0.0,0.0,0.0,0,0.00,0.00,0.00,0.00,40,-755,7511,205,960,393
394,18,18,1,False,2023-08-19T16:30:00Z,2.0,0.0,2,5,0,0,0,0,0,0,0,0,0,0,0,3,0.0,1.1,6.0,0.7,0,0.00,0.01,0.01,0.07,45,-273,13419,1729,2002,394
395,18,18,1,False,2023-08-19T16:30:00Z,2.0,0.0,2,90,0,0,0,2,0,0,0,0,0,0,0,17,15.4,1.8,21.0,3.8,1,0.03,0.01,0.04,1.80,50,124897,424217,138535,13638,395
396,18,18,2,False,2023-08-19T16:30:00Z,2.0,0.0,2,84,0,0,0,2,0,0,0,0,0,0,0,-4,5.8,22.3,30.0,5.8,1,0.36,0.05,0.41,1.74,90,-16196,4383205,164969,181165,396
397,18,18,1,False,2023-08-19T16:30:00Z,2.0,0.0,2,24,0,0,0,1,0,0,0,0,0,0,0,7,5.4,1.9,0.0,0.7,0,0.00,0.01,0.01,0.55,70,-10687,83584,2309,12996,397
398,18,18,1,False,2023-08-19T16:30:00Z,2.0,0.0,2,90,0,0,0,2,0,0,0,0,0,0,0,23,28.8,81.5,2.0,11.2,1,0.00,0.47,0.47,1.80,55,-13923,2330461,97719,111642,398
399,18,18,0,False,2023-08-19T16:30:00Z,2.0,0.0,2,0,0,0,0,0,0,0,0,0,0,0,0,0,0.0,0.0,0.0,0.0,0,0.00,0.00,0.00,0.00,45,-1342,14394,998,2340,399
400,18,18,0,False,2023-08-19T16:30:00Z,2.0,0.0,2,0,0,0,0,0,0,0,0,0,0,0,0,0,0.0,0.0,0.0,0.0,0,0.00,0.00,0.00,0.00,50,-735,4950,168,903,400
401,18,18,1,False,2023-08-19T16:30:00Z,2.0,0.0,2,65,0,0,0,1,0,0,0,1,0,0,0,11,5.8,12.2,2.0,2.0,1,0.00,0.10,0.10,1.25,45,159885,382753,174411,14526,401
402,16,13,2,False,2023-08-19T19:00:00Z,1.0,0.0,2,85,0,0,0,1,0,0,0,0,0,0,0,3,4.0,23.3,13.0,4.0,1,0.06,0.03,0.09,0.81,65,-80055,638475,16848,96903,402
403,16,13,1,False,2023-08-19T19:00:00Z,1.0,0.0,2,23,0,0,0,0,0,0,0,0,0,0,0,7,13.6,14.9,4.0,3.3,0,0.00,0.01,0.01,0.28,45,-33661,507637,15050,48711,403
404,16,13,0,False,2023-08-19T19:00:00Z,1.0,0.0,2,0,0,0,0,0,0,0,0,0,0,0,0,0,0.0,0.0,0.0,0.0,0,0.00,0.00,0.00,0.00,40,-985,2506,0,985,404
405,16,13,2,False,2023-08-19T19:00:00Z,1.0,0.0,2,90,0,0,0,1,0,0,0,0,0,0,0,15,10.6,0.6,0.0,1.1,1,0.00,0.00,0.00,1.09,45,49013,1752675,123071,74058,405
406,16,13,1,False,2023-08-19T19:00:00Z,1.0,0.0,2,90,0,0,0,1,0,0,0,1,0,0,0,7,0.0,4.3,1.0,0.5,1,0.07,0.05,0.12,1.09,60,-32283,279586,13505,45788,406
407,16,13,2,False,2023-08-19T19:00:00Z,1.0,0.0,2,90,0,0,0,1,0,0,0,0,0,0,0,12,14.0,1.8,0.0,1.6,1,0.00,0.01,0.01,1.09,45,-11219,289167,12033,23252,407
408,16,13,0,False,2023-08-19T19:00:00Z,1.0,0.0,2,0,0,0,0,0,0,0,0,0,0,0,0,0,0.0,0.0,0.0,0.0,0,0.00,0.00,0.00,0.00,40,-280,1420,0,280,408
409,16,13,0,False,2023-08-19T19:00:00Z,1.0,0.0,2,0,0,0,0,0,0,0,0,0,0,0,0,0,0.0,0.0,0.0,0.0,0,0.00,0.00,0.00,0.00,40,-5529,108232,2221,7750,409
410,16,13,0,False,2023-08-19T19:00:00Z,1.0,0.0,2,0,0,0,0,0,0,0,0,0,0,0,0,0,0.0,0.0,0.0,0.0,0,0.00,0.00,0.00,0.00,50,-710,4721,151,861,410
411,16,13,0,False,2023-08-19T19:00:00Z,1.0,0.0,2,0,0,0,0,0,0,0,0,0,0,0,0,0,0.0,0.0,0.0,0.0,0,0.00,0.00,0.00,0.00,40,-373,7154,146,519,411
412,16,13,0,False,2023-08-19T19:00:00Z,1.0,0.0,2,55,0,0,0,1,0,0,0,1,0,0,0,-3,0.0,1.4,15.0,1.2,1,0.09,0.00,0.09,0.52,55,7376,52311,12776,5400,412
413,16,13,0,False,2023-08-19T19:00:00Z,1.0,0.0,2,0,0,0,0,0,0,0,0,0,0,0,0,0,0.0,0.0,0.0,0.0,0,0.00,0.00,0.00,0.00,45,-549,4998,280,829,413
414,16,13,0,False,2023-08-19T19:00:00Z,1.0,0.0,2,0,0,0,0,0,0,0,0,0,0,0,0,0,0.0,0.0,0.0,0.0,0,0.00,0.00,0.00,0.00,45,-511,5581,343,854,414
415,16,13,2,False,2023-08-19T19:00:00Z,1.0,0.0,2,65,0,0,0,1,0,0,0,0,0,0,0,7,0.6,1.8,2.0,0.4,1,0.00,0.02,0.02,0.81,76,433540,2258271,508318,74778,415
416,16,13,0,False,2023-08-19T19:00:00Z,1.0,0.0,2,56,0,0,0,1,0,0,0,1,0,0,0,1,7.8,22.5,9.0,3.9,1,0.04,0.03,0.07,0.52,60,-10185,97508,5021,15206,416
417,16,13,0,False,2023-08-19T19:00:00Z,1.0,0.0,2,0,0,0,0,0,0,0,0,0,0,0,0,0,0.0,0.0,0.0,0.0,0,0.00,0.00,0.00,0.00,45,-430,1239,32,462,417
418,16,13,0,False,2023-08-19T19:00:00Z,1.0,0.0,2,0,0,0,0,0,0,0,0,0,0,0,0,0,0.0,0.0,0.0,0.0,0,0.00,0.00,0.00,0.00,45,-310,630,0,310,418
419,16,13,0,False,2023-08-19T19:00:00Z,1.0,0.0,2,0,0,0,0,0,0,0,0,0,0,0,0,0,0.0,0.0,0.0,0.0,0,0.00,0.00,0.00,0.00,40,-2799,38919,1620,4419,419
420,16,13,0,False,2023-08-19T19:00:00Z,1.0,0.0,2,0,0,0,0,0,0,0,0,0,0,0,0,0,0.0,0.0,0.0,0.0,0,0.00,0.00,0.00,0.00,40,-337,1095,0,337,420
421,16,13,1,False,2023-08-19T19:00:00Z,1.0,0.0,2,33,0,0,0,0,0,0,0,0,0,0,0,2,7.2,0.4,0.0,0.8,0,0.00,0.00,0.00,0.56,50,-2955,18338,235,3190,421
422,16,13,0,False,2023-08-19T19:00:00Z,1.0,0.0,2,0,0,0,0,0,0,0,0,0,0,0,0,0,0.0,0.0,0.0,0.0,0,0.00,0.00,0.00,0.00,40,-1201,4344,102,1303,422
423,16,13,0,False,2023-08-19T19:00:00Z,1.0,0.0,2,0,0,0,0,0,0,0,0,0,0,0,0,0,0.0,0.0,0.0,0.0,0,0.00,0.00,0.00,0.00,50,11,22456,2939,2928,423
424,16,13,3,False,2023-08-19T19:00:00Z,1.0,0.0,2,90,0,0,0,1,0,0,0,0,0,3,0,14,28.8,0.0,0.0,2.9,1,0.00,0.00,0.00,1.09,55,-50380,992891,21194,71574,424
425,16,13,0,False,2023-08-19T19:00:00Z,1.0,0.0,2,0,0,0,0,0,0,0,0,0,0,0,0,0,0.0,0.0,0.0,0.0,0,0.00,0.00,0.00,0.00,45,-1610,15809,940,2550,425
426,16,13,0,False,2023-08-19T19:00:00Z,1.0,0.0,2,0,0,0,0,0,0,0,0,0,0,0,0,0,0.0,0.0,0.0,0.0,0,0.00,0.00,0.00,0.00,60,-3395,4618,0,3395,426
427,16,13,2,False,2023-08-19T19:00:00Z,1.0,0.0,2,90,0,0,0,1,0,0,0,0,0,0,0,11,27.4,1.2,4.0,3.3,1,0.00,0.01,0.01,1.09,50,-6814,206582,10991,17805,427
428,16,13,0,False,2023-08-19T19:00:00Z,1.0,0.0,2,0,0,0,0,0,0,0,0,0,0,0,0,0,0.0,0.0,0.0,0.0,0,0.00,0.00,0.00,0.00,45,-2334,15903,302,2636,428
429,16,13,1,False,2023-08-19T19:00:00Z,1.0,0.0,2,66,0,0,0,1,0,0,0,1,0,0,0,6,2.4,1.7,0.0,0.4,1,0.00,0.01,0.01,0.81,55,88987,315239,106532,17545,429
430,16,13,2,False,2023-08-19T19:00:00Z,1.0,0.0,2,90,0,0,0,1,0,0,0,0,0,0,0,19,27.6,19.5,2.0,4.9,1,0.00,0.07,0.07,1.09,65,-96548,2916692,78901,175449,430
431,16,13,0,False,2023-08-19T19:00:00Z,1.0,0.0,2,0,0,0,0,0,0,0,0,0,0,0,0,0,0.0,0.0,0.0,0.0,0,0.00,0.00,0.00,0.00,40,-2598,10797,0,2598,431
432,16,13,0,False,2023-08-19T19:00:00Z,1.0,0.0,2,0,0,0,0,0,0,0,0,0,0,0,0,0,0.0,0.0,0.0,0.0,0,0.00,0.00,0.00,0.00,55,-8102,15817,62,8164,432
433,16,13,1,False,2023-08-19T19:00:00Z,1.0,0.0,2,24,0,0,0,0,0,0,0,0,0,0,0,3,3.0,11.3,0.0,1.4,0,0.00,0.00,0.00,0.28,80,-104732,725447,26713,131445,433
434,17,17,0,True,2023-08-18T18:45:00Z,2.0,1.0,2,0,0,0,0,0,0,0,0,0,0,0,0,0,0.0,0.0,0.0,0.0,0,0.00,0.00,0.00,0.00,45,-443,1074,0,443,434
435,17,17,0,True,2023-08-18T18:45:00Z,2.0,1.0,2,0,0,0,0,0,0,0,0,0,0,0,0,0,0.0,0.0,0.0,0.0,0,0.00,0.00,0.00,0.00,45,-440,7577,472,912,435
436,17,17,10,True,2023-08-18T18:45:00Z,2.0,1.0,2,90,0,2,0,1,0,0,0,1,0,0,3,34,51.8,33.3,10.0,9.5,1,0.01,0.25,0.26,0.51,45,13358,59014,17832,4474,436
437,17,17,7,True,2023-08-18T18:45:00Z,2.0,1.0,2,83,1,0,0,1,0,0,0,0,0,0,1,29,38.6,21.8,21.0,8.1,1,0.31,0.02,0.33,0.51,65,49631,114885,57163,7532,437
438,17,17,0,True,2023-08-18T18:45:00Z,2.0,1.0,2,0,0,0,0,0,0,0,0,0,0,0,0,0,0.0,0.0,0.0,0.0,0,0.00,0.00,0.00,0.00,40,-766,11724,442,1208,438
439,17,17,1,True,2023-08-18T18:45:00Z,2.0,1.0,2,68,0,0,0,1,0,0,0,1,0,0,0,4,13.4,0.2,39.0,5.3,1,0.38,0.00,0.38,0.24,45,4510,17389,6253,1743,439
440,17,17,0,True,2023-08-18T18:45:00Z,2.0,1.0,2,0,0,0,0,0,0,0,0,0,0,0,0,0,0.0,0.0,0.0,0.0,0,0.00,0.00,0.00,0.00,45,-137,410,0,137,440
441,17,17,0,True,2023-08-18T18:45:00Z,2.0,1.0,2,0,0,0,0,0,0,0,0,0,0,0,0,0,0.0,0.0,0.0,0.0,0,0.00,0.00,0.00,0.00,45,-1188,2109,0,1188,441
442,17,17,2,True,2023-08-18T18:45:00Z,2.0,1.0,2,90,0,0,0,1,0,0,0,0,0,0,0,14,7.2,23.6,3.0,3.4,1,0.09,0.07,0.16,0.51,55,-100,13047,1437,1537,442
443,17,17,0,True,2023-08-18T18:45:00Z,2.0,1.0,2,0,0,0,0,0,0,0,0,0,0,0,0,0,0.0,0.0,0.0,0.0,0,0.00,0.00,0.00,0.00,50,-7358,49007,2522,9880,443
444,17,17,0,True,2023-08-18T18:45:00Z,2.0,1.0,2,0,0,0,0,0,0,0,0,0,0,0,0,0,0.0,0.0,0.0,0.0,0,0.00,0.00,0.00,0.00,40,-1014,13429,397,1411,444
445,17,17,0,True,2023-08-18T18:45:00Z,2.0,1.0,2,0,0,0,0,0,0,0,0,0,0,0,0,0,0.0,0.0,0.0,0.0,0,0.00,0.00,0.00,0.00,45,-1006,2396,47,1053,445
446,17,17,0,True,2023-08-18T18:45:00Z,2.0,1.0,2,0,0,0,0,0,0,0,0,0,0,0,0,0,0.0,0.0,0.0,0.0,0,0.00,0.00,0.00,0.00,50,-390,2439,46,436,446
447,17,17,2,True,2023-08-18T18:45:00Z,2.0,1.0,2,90,0,0,0,1,0,0,0,0,0,0,0,12,17.8,65.2,10.0,9.3,1,0.06,0.39,0.45,0.51,60,7090,236932,27763,20673,447
448,17,17,0,True,2023-08-18T18:45:00Z,2.0,1.0,2,0,0,0,0,0,0,0,0,0,0,0,0,0,0.0,0.0,0.0,0.0,0,0.00,0.00,0.00,0.00,40,-2896,26442,128,3024,448
449,17,17,0,True,2023-08-18T18:45:00Z,2.0,1.0,2,0,0,0,0,0,0,0,0,0,0,0,0,0,0.0,0.0,0.0,0.0,0,0.00,0.00,0.00,0.00,45,-1221,12439,547,1768,449
450,17,17,2,True,2023-08-18T18:45:00Z,2.0,1.0,2,90,0,0,0,1,0,0,0,0,0,0,0,6,1.6,2.8,19.0,2.3,1,0.05,0.01,0.06,0.51,60,3785,64462,9862,6077,450
451,17,17,1,True,2023-08-18T18:45:00Z,2.0,1.0,2,1,0,0,0,0,0,0,0,0,0,0,0,4,1.4,0.0,0.0,0.1,0,0.00,0.00,0.00,0.00,50,-292,2581,74,366,451
452,17,17,0,True,2023-08-18T18:45:00Z,2.0,1.0,2,0,0,0,0,0,0,0,0,0,0,0,0,0,0.0,0.0,0.0,0.0,0,0.00,0.00,0.00,0.00,45,-230,614,0,230,452
453,17,17,2,True,2023-08-18T18:45:00Z,2.0,1.0,2,68,0,0,0,1,0,0,0,0,0,0,0,5,9.0,0.9,0.0,1.0,1,0.00,0.00,0.00,0.24,50,-164,2314,164,328,453
454,17,17,0,True,2023-08-18T18:45:00Z,2.0,1.0,2,0,0,0,0,0,0,0,0,0,0,0,0,0,0.0,0.0,0.0,0.0,0,0.00,0.00,0.00,0.00,40,-840,10364,251,1091,454
455,17,17,2,True,2023-08-18T18:45:00Z,2.0,1.0,2,90,0,0,0,1,0,0,0,0,0,0,0,12,17.2,0.8,7.0,2.5,1,0.19,0.01,0.20,0.51,45,777,9642,1756,979,455
456,17,17,0,True,2023-08-18T18:45:00Z,2.0,1.0,2,0,0,0,0,0,0,0,0,0,0,0,0,0,0.0,0.0,0.0,0.0,0,0.00,0.00,0.00,0.00,45,-313,3337,183,496,456
457,17,17,1,True,2023-08-18T18:45:00Z,2.0,1.0,2,1,0,0,0,0,0,0,0,0,0,0,0,5,2.0,0.0,0.0,0.2,0,0.00,0.00,0.00,0.00,45,-104,3007,244,348,457
458,17,17,0,True,2023-08-18T18:45:00Z,2.0,1.0,2,0,0,0,0,0,0,0,0,0,0,0,0,0,0.0,0.0,0.0,0.0,0,0.00,0.00,0.00,0.00,50,-238,1520,25,263,458
459,17,17,0,True,2023-08-18T18:45:00Z,2.0,1.0,2,0,0,0,0,0,0,0,0,0,0,0,0,0,0.0,0.0,0.0,0.0,0,0.00,0.00,0.00,0.00,45,-144,425,0,144,459
460,17,17,0,True,2023-08-18T18:45:00Z,2.0,1.0,2,0,0,0,0,0,0,0,0,0,0,0,0,0,0.0,0.0,0.0,0.0,0,0.00,0.00,0.00,0.00,40,-815,13091,352,1167,460
461,17,17,0,True,2023-08-18T18:45:00Z,2.0,1.0,2,0,0,0,0,0,0,0,0,0,0,0,0,0,0.0,0.0,0.0,0.0,0,0.00,0.00,0.00,0.00,45,-1035,4646,46,1081,461
462,17,17,0,True,2023-08-18T18:45:00Z,2.0,1.0,2,0,0,0,0,0,0,0,0,0,0,0,0,0,0.0,0.0,0.0,0.0,0,0.00,0.00,0.00,0.00,45,-728,5831,258,986,462
463,17,17,0,True,2023-08-18T18:45:00Z,2.0,1.0,2,0,0,0,0,0,0,0,0,0,0,0,0,0,0.0,0.0,0.0,0.0,0,0.00,0.00,0.00,0.00,50,-475,3276,80,555,463
464,17,17,0,True,2023-08-18T18:45:00Z,2.0,1.0,2,0,0,0,0,0,0,0,0,0,0,0,0,0,0.0,0.0,0.0,0.0,0,0.00,0.00,0.00,0.00,45,-7793,31728,0,7793,464
465,17,17,0,True,2023-08-18T18:45:00Z,2.0,1.0,2,0,0,0,0,0,0,0,0,0,0,0,0,0,0.0,0.0,0.0,0.0,0,0.00,0.00,0.00,0.00,45,-633,4951,42,675,465
466,17,17,0,True,2023-08-18T18:45:00Z,2.0,1.0,2,0,0,0,0,0,0,0,0,0,0,0,0,0,0.0,0.0,0.0,0.0,0,0.00,0.00,0.00,0.00,45,-7834,120452,2712,10546,466
467,17,17,2,True,2023-08-18T18:45:00Z,2.0,1.0,2,90,0,0,0,1,0,0,0,0,0,0,0,5,23.4,15.8,6.0,4.5,1,0.02,0.07,0.09,0.51,45,-235,25574,1754,1989,467
468,17,17,7,True,2023-08-18T18:45:00Z,2.0,1.0,2,6,1,0,0,0,0,0,0,0,0,0,2,30,33.0,0.5,17.0,5.1,0,0.12,0.01,0.13,0.00,50,-5014,49924,2526,7540,468
469,17,17,2,True,2023-08-18T18:45:00Z,2.0,1.0,2,90,0,0,0,1,0,0,0,0,0,0,0,18,14.8,21.1,12.0,4.8,1,0.10,0.31,0.41,0.51,45,142,8283,1113,971,469
470,17,17,1,True,2023-08-18T18:45:00Z,2.0,1.0,2,21,0,0,0,0,0,0,0,0,0,0,0,6,6.0,1.3,0.0,0.7,0,0.00,0.01,0.01,0.27,50,-165,3843,292,457,470
471,17,16,1,False,2023-08-18T18:45:00Z,2.0,1.0,2,90,0,0,0,2,0,0,0,0,0,0,0,17,18.8,2.0,7.0,2.8,1,0.07,0.00,0.07,1.36,45,-1431,39688,1764,3195,471
472,17,16,0,False,2023-08-18T18:45:00Z,2.0,1.0,2,0,0,0,0,0,0,0,0,0,0,0,0,0,0.0,0.0,0.0,0.0,0,0.00,0.00,0.00,0.00,40,-923,31612,891,1814,472
473,17,16,0,False,2023-08-18T18:45:00Z,2.0,1.0,2,0,0,0,0,0,0,0,0,0,0,0,0,0,0.0,0.0,0.0,0.0,0,0.00,0.00,0.00,0.00,40,63580,1408388,100654,37074,473
474,17,16,1,False,2023-08-18T18:45:00Z,2.0,1.0,2,32,0,0,0,1,0,0,0,0,0,0,0,6,15.8,1.3,4.0,2.1,0,0.00,0.00,0.00,0.55,40,8770,52199,12509,3739,474
476,17,16,0,False,2023-08-18T18:45:00Z,2.0,1.0,2,0,0,0,0,0,0,0,0,0,0,0,0,0,0.0,0.0,0.0,0.0,0,0.00,0.00,0.00,0.00,45,-366,1753,102,468,476
477,17,16,0,False,2023-08-18T18:45:00Z,2.0,1.0,2,0,0,0,0,0,0,0,0,0,0,0,0,0,0.0,0.0,0.0,0.0,0,0.00,0.00,0.00,0.00,50,-1655,5729,158,1813,477
478,17,16,0,False,2023-08-18T18:45:00Z,2.0,1.0,2,0,0,0,0,0,0,0,0,0,0,0,0,0,0.0,0.0,0.0,0.0,0,0.00,0.00,0.00,0.00,45,-738,3261,76,814,478
479,17,16,0,False,2023-08-18T18:45:00Z,2.0,1.0,2,0,0,0,0,0,0,0,0,0,0,0,0,0,0.0,0.0,0.0,0.0,0,0.00,0.00,0.00,0.00,40,-390,18946,719,1109,479
480,17,16,1,False,2023-08-18T18:45:00Z,2.0,1.0,2,90,0,0,0,2,0,0,0,0,0,0,0,13,13.0,0.4,4.0,1.7,1,0.00,0.00,0.00,1.36,45,379,15287,1391,1012,480
481,17,16,0,False,2023-08-18T18:45:00Z,2.0,1.0,2,0,0,0,0,0,0,0,0,0,0,0,0,0,0.0,0.0,0.0,0.0,0,0.00,0.00,0.00,0.00,50,-231,798,27,258,481
482,17,16,1,False,2023-08-18T18:45:00Z,2.0,1.0,2,90,0,0,0,2,0,0,0,0,0,2,0,15,17.6,0.0,0.0,1.8,1,0.00,0.00,0.00,1.36,45,3764,31523,5726,1962,482
483,17,16,0,False,2023-08-18T18:45:00Z,2.0,1.0,2,0,0,0,0,0,0,0,0,0,0,0,0,0,0.0,0.0,0.0,0.0,0,0.00,0.00,0.00,0.00,50,-393,1682,39,432,483
484,17,16,1,False,2023-08-18T18:45:00Z,2.0,1.0,2,45,0,0,0,1,0,0,0,0,0,0,0,1,2.2,0.1,2.0,0.4,1,0.00,0.00,0.00,0.82,45,-92,8109,616,708,484
485,17,16,0,False,2023-08-18T18:45:00Z,2.0,1.0,2,0,0,0,0,0,0,0,0,0,0,0,0,0,0.0,0.0,0.0,0.0,0,0.00,0.00,0.00,0.00,55,-1074,4078,155,1229,485
486,17,16,0,False,2023-08-18T18:45:00Z,2.0,1.0,2,0,0,0,0,0,0,0,0,0,0,0,0,0,0.0,0.0,0.0,0.0,0,0.00,0.00,0.00,0.00,55,-1240,1827,0,1240,486
487,17,16,0,False,2023-08-18T18:45:00Z,2.0,1.0,2,0,0,0,0,0,0,0,0,0,0,0,0,0,0.0,0.0,0.0,0.0,0,0.00,0.00,0.00,0.00,40,-795,5768,168,963,487
488,17,16,1,False,2023-08-18T18:45:00Z,2.0,1.0,2,90,0,0,0,2,0,0,0,1,0,0,0,15,15.6,11.1,2.0,2.9,1,0.00,0.19,0.19,1.36,50,520,3404,925,405,488
489,17,16,1,False,2023-08-18T18:45:00Z,2.0,1.0,2,90,0,0,0,2,0,0,0,1,0,0,0,8,11.0,7.4,0.0,1.8,1,0.00,0.09,0.09,1.36,50,-40,2940,373,413,489
490,17,16,2,False,2023-08-18T18:45:00Z,2.0,1.0,2,73,0,0,0,1,0,0,0,0,0,0,0,3,0.0,1.1,13.0,1.1,1,0.05,0.05,0.10,1.25,45,5078,152039,15466,10388,490
491,18,14,0,True,2023-08-19T16:30:00Z,2.0,0.0,2,0,0,0,0,0,0,0,0,0,0,0,0,0,0.0,0.0,0.0,0.0,0,0.00,0.00,0.00,0.00,40,-25,21782,1211,1236,491
492,18,14,0,True,2023-08-19T16:30:00Z,2.0,0.0,2,0,0,0,0,0,0,0,0,0,0,0,0,0,0.0,0.0,0.0,0.0,0,0.00,0.00,0.00,0.00,55,-180,740,86,266,492
493,18,14,3,True,2023-08-19T16:30:00Z,2.0,0.0,2,90,0,0,1,0,0,0,0,0,0,0,0,15,21.0,2.0,7.0,3.0,1,0.07,0.01,0.08,1.99,50,1859,25475,4876,3017,493
494,18,14,0,True,2023-08-19T16:30:00Z,2.0,0.0,2,0,0,0,0,0,0,0,0,0,0,0,0,0,0.0,0.0,0.0,0.0,0,0.00,0.00,0.00,0.00,50,-134,509,37,171,494
495,18,14,4,True,2023-08-19T16:30:00Z,2.0,0.0,2,20,0,1,0,0,0,0,0,0,0,0,0,8,9.2,3.5,6.0,1.9,0,0.43,0.00,0.43,0.35,45,-9193,64354,1048,10241,495
496,18,14,0,True,2023-08-19T16:30:00Z,2.0,0.0,2,0,0,0,0,0,0,0,0,0,0,0,0,0,0.0,0.0,0.0,0.0,0,0.00,0.00,0.00,0.00,45,-12973,91371,2473,15446,496
497,18,14,1,True,2023-08-19T16:30:00Z,2.0,0.0,2,2,0,0,0,0,0,0,0,0,0,0,0,2,0.4,0.1,0.0,0.1,0,0.00,0.00,0.00,0.26,45,69317,164903,78731,9414,497
498,18,14,0,True,2023-08-19T16:30:00Z,2.0,0.0,2,0,0,0,0,0,0,0,0,0,0,0,0,0,0.0,0.0,0.0,0.0,0,0.00,0.00,0.00,0.00,40,-47492,324113,298,47790,498
499,18,14,1,True,2023-08-19T16:30:00Z,2.0,0.0,2,14,0,0,0,0,0,0,0,0,0,0,0,4,7.4,2.1,0.0,1.0,0,0.00,0.01,0.01,0.35,55,-10174,45916,967,11141,499
500,18,14,0,True,2023-08-19T16:30:00Z,2.0,0.0,2,0,0,0,0,0,0,0,0,0,0,0,0,0,0.0,0.0,0.0,0.0,0,0.00,0.00,0.00,0.00,125,-259523,111065,565,260088,500
501,18,14,3,True,2023-08-19T16:30:00Z,2.0,0.0,2,87,0,0,1,0,0,0,0,0,0,0,0,7,11.4,18.6,30.0,6.0,1,0.08,0.02,0.09,1.73,70,-15200,118558,3232,18432,501
502,18,14,0,True,2023-08-19T16:30:00Z,2.0,0.0,2,0,0,0,0,0,0,0,0,0,0,0,0,0,0.0,0.0,0.0,0.0,0,0.00,0.00,0.00,0.00,50,-8495,67615,2672,11167,502
503,18,14,0,True,2023-08-19T16:30:00Z,2.0,0.0,2,0,0,0,0,0,0,0,0,0,0,0,0,0,0.0,0.0,0.0,0.0,0,0.00,0.00,0.00,0.00,50,-2419,10509,382,2801,503
504,18,14,3,True,2023-08-19T16:30:00Z,2.0,0.0,2,90,0,0,1,0,0,0,0,0,0,0,0,12,16.4,41.9,32.0,9.0,1,0.10,0.25,0.35,1.99,75,227659,1343823,275119,47460,504
505,18,14,0,True,2023-08-19T16:30:00Z,2.0,0.0,2,0,0,0,0,0,0,0,0,0,0,0,0,0,0.0,0.0,0.0,0.0,0,0.00,0.00,0.00,0.00,45,-4673,45831,2352,7025,505
506,18,14,6,True,2023-08-19T16:30:00Z,2.0,0.0,2,87,0,0,1,0,0,0,0,0,0,0,0,26,15.4,17.2,3.0,3.6,1,0.10,0.12,0.22,1.73,50,-35402,158790,5884,41286,506
507,18,14,1,True,2023-08-19T16:30:00Z,2.0,0.0,2,20,0,0,0,0,0,0,0,0,0,0,0,6,3.6,21.3,8.0,3.3,0,0.00,0.44,0.44,0.35,50,-25897,262482,11662,37559,507
508,18,14,0,True,2023-08-19T16:30:00Z,2.0,0.0,2,0,0,0,0,0,0,0,0,0,0,0,0,0,0.0,0.0,0.0,0.0,0,0.00,0.00,0.00,0.00,45,-3017,19547,548,3565,508
509,18,14,3,True,2023-08-19T16:30:00Z,2.0,0.0,2,69,0,0,1,0,0,0,0,0,0,0,0,2,9.0,12.3,2.0,2.3,1,0.00,0.01,0.01,1.64,70,-14014,363326,28516,42530,509
510,18,14,0,True,2023-08-19T16:30:00Z,2.0,0.0,2,0,0,0,0,0,0,0,0,0,0,0,0,0,0.0,0.0,0.0,0.0,0,0.00,0.00,0.00,0.00,40,-4981,15136,0,4981,510
511,18,14,6,True,2023-08-19T16:30:00Z,2.0,0.0,2,90,0,0,1,0,0,0,0,0,0,0,0,26,33.0,1.1,4.0,3.8,1,0.08,0.01,0.09,1.99,45,-6142,90083,9941,16083,511
512,18,14,0,True,2023-08-19T16:30:00Z,2.0,0.0,2,0,0,0,0,0,0,0,0,0,0,0,0,0,0.0,0.0,0.0,0.0,0,0.00,0.00,0.00,0.00,45,-1313,16468,714,2027,512
513,18,14,10,True,2023-08-19T16:30:00Z,2.0,0.0,2,75,1,0,1,0,0,0,0,0,0,0,2,36,39.2,14.6,70.0,12.4,1,0.67,0.03,0.70,1.64,45,-3487,87103,6746,10233,513
514,18,14,0,True,2023-08-19T16:30:00Z,2.0,0.0,2,0,0,0,0,0,0,0,0,0,0,0,0,0,0.0,0.0,0.0,0.0,0,0.00,0.00,0.00,0.00,45,-164,735,51,215,514
515,18,14,0,True,2023-08-19T16:30:00Z,2.0,0.0,2,0,0,0,0,0,0,0,0,0,0,0,0,0,0.0,0.0,0.0,0.0,0,0.00,0.00,0.00,0.00,50,-2806,18822,926,3732,515
516,18,14,3,True,2023-08-19T16:30:00Z,2.0,0.0,2,90,0,0,1,0,0,0,0,0,0,0,0,20,18.4,50.8,21.0,9.0,1,0.13,0.38,0.51,1.99,90,-7346,499228,56308,63654,516
517,18,14,0,True,2023-08-19T16:30:00Z,2.0,0.0,2,0,0,0,0,0,0,0,0,0,0,0,0,0,0.0,0.0,0.0,0.0,0,0.00,0.00,0.00,0.00,40,-1677,55406,3056,4733,517
518,18,14,0,True,2023-08-19T16:30:00Z,2.0,0.0,2,0,0,0,0,0,0,0,0,0,0,0,0,0,0.0,0.0,0.0,0.0,0,0.00,0.00,0.00,0.00,40,-1660,81324,4986,6646,518
519,18,14,5,True,2023-08-19T16:30:00Z,2.0,0.0,2,69,0,0,1,0,0,0,0,1,0,0,0,10,10.2,12.3,37.0,6.0,1,0.15,0.09,0.24,1.64,45,8520,207601,16364,7844,519
520,18,14,11,True,2023-08-19T16:30:00Z,2.0,0.0,2,90,0,0,1,0,0,0,0,0,0,6,3,41,45.0,0.0,0.0,4.5,1,0.00,0.00,0.00,1.99,50,-2543,41355,1767,4310,520
521,18,14,0,True,2023-08-19T16:30:00Z,2.0,0.0,2,0,0,0,0,0,0,0,0,0,0,0,0,0,0.0,0.0,0.0,0.0,0,0.00,0.00,0.00,0.00,40,-3401,22114,223,3624,521
522,19,7,5,True,2023-08-20T15:30:00Z,3.0,1.0,2,66,1,0,0,1,0,0,0,0,1,0,0,11,38.0,0.0,33.0,7.1,1,0.13,0.00,0.13,2.63,45,-2631,52081,2280,4911,522
523,19,7,9,True,2023-08-20T15:30:00Z,3.0,1.0,2,75,1,0,0,1,0,0,0,0,0,0,3,32,31.4,3.2,22.0,5.7,1,0.22,0.00,0.22,2.26,60,-28611,193305,9899,38510,523
524,19,7,10,True,2023-08-20T15:30:00Z,3.0,1.0,2,90,0,0,0,1,0,1,0,0,0,3,2,31,38.2,0.0,0.0,3.8,1,0.00,0.00,0.00,2.45,40,50058,2110039,93606,43548,524
525,19,7,2,True,2023-08-20T15:30:00Z,3.0,1.0,2,68,0,0,0,1,0,0,0,0,0,0,0,2,0.6,4.8,6.0,1.1,1,0.07,0.03,0.10,2.26,60,-8815,77420,4162,12977,525
526,19,7,2,True,2023-08-20T15:30:00Z,3.0,1.0,2,90,0,0,0,1,0,0,0,0,0,0,0,4,8.4,0.8,46.0,5.5,1,0.38,0.02,0.40,2.45,70,27488,454850,57567,30079,526
527,19,7,0,True,2023-08-20T15:30:00Z,3.0,1.0,2,0,0,0,0,0,0,0,0,0,0,0,0,0,0.0,0.0,0.0,0.0,0,0.00,0.00,0.00,0.00,55,-1020,7205,130,1150,527
528,19,7,2,True,2023-08-20T15:30:00Z,3.0,1.0,2,90,0,0,0,1,0,0,0,0,0,0,0,8,10.6,4.1,0.0,1.5,1,0.00,0.04,0.04,2.45,45,-370,25454,1947,2317,528
529,19,7,0,True,2023-08-20T15:30:00Z,3.0,1.0,2,0,0,0,0,0,0,0,0,0,0,0,0,0,0.0,0.0,0.0,0.0,0,0.00,0.00,0.00,0.00,45,-530,8495,654,1184,529
530,19,7,0,True,2023-08-20T15:30:00Z,3.0,1.0,2,0,0,0,0,0,0,0,0,0,0,0,0,0,0.0,0.0,0.0,0.0,0,0.00,0.00,0.00,0.00,45,-11945,79839,1715,13660,530
531,19,7,0,True,2023-08-20T15:30:00Z,3.0,1.0,2,0,0,0,0,0,0,0,0,0,0,0,0,0,0.0,0.0,0.0,0.0,0,0.00,0.00,0.00,0.00,50,-341,2475,88,429,531
532,19,7,4,True,2023-08-20T15:30:00Z,3.0,1.0,2,90,0,1,0,1,0,0,0,1,0,0,0,17,25.4,10.5,4.0,4.0,1,0.00,0.01,0.01,2.45,45,-2130,32516,1484,3614,532
533,19,7,0,True,2023-08-20T15:30:00Z,3.0,1.0,2,0,0,0,0,0,0,0,0,0,0,0,0,0,0.0,0.0,0.0,0.0,0,0.00,0.00,0.00,0.00,45,-33222,254949,4528,37750,533
534,19,7,1,True,2023-08-20T15:30:00Z,3.0,1.0,2,14,0,0,0,0,0,0,0,0,0,0,0,5,6.2,11.8,17.0,3.5,0,0.11,0.00,0.11,0.18,50,-761,9388,468,1229,534
535,19,7,0,True,2023-08-20T15:30:00Z,3.0,1.0,2,0,0,0,0,0,0,0,0,0,0,0,0,0,0.0,0.0,0.0,0.0,0,0.00,0.00,0.00,0.00,60,-33018,146508,4296,37314,535
536,19,7,0,True,2023-08-20T15:30:00Z,3.0,1.0,2,0,0,0,0,0,0,0,0,0,0,0,0,0,0.0,0.0,0.0,0.0,0,0.00,0.00,0.00,0.00,45,-856,7197,92,948,536
537,19,7,0,True,2023-08-20T15:30:00Z,3.0,1.0,2,0,0,0,0,0,0,0,0,0,0,0,0,0,0.0,0.0,0.0,0.0,0,0.00,0.00,0.00,0.00,45,-1688,14165,226,1914,537
538,19,7,0,True,2023-08-20T15:30:00Z,3.0,1.0,2,0,0,0,0,0,0,0,0,0,0,0,0,0,0.0,0.0,0.0,0.0,0,0.00,0.00,0.00,0.00,45,-42493,1020799,29343,71836,538
539,19,7,6,True,2023-08-20T15:30:00Z,3.0,1.0,2,90,1,0,0,1,0,0,0,1,0,0,0,23,44.8,23.0,25.0,9.3,1,0.85,0.04,0.89,2.45,60,-13163,131138,7579,20742,539
540,12,8,3,False,2023-08-21T19:00:00Z,0.0,1.0,2,90,0,0,1,0,0,0,0,0,0,0,0,20,22.8,19.0,2.0,4.4,1,0.00,0.23,0.23,1.06,55,-35250,551259,28690,63940,540
541,19,7,0,True,2023-08-20T15:30:00Z,3.0,1.0,2,0,0,0,0,0,0,0,0,0,0,0,0,0,0.0,0.0,0.0,0.0,0,0.00,0.00,0.00,0.00,60,-3124,3729,0,3124,541
542,19,7,2,True,2023-08-20T15:30:00Z,3.0,1.0,2,90,0,0,0,1,0,0,0,0,0,0,0,13,24.4,30.9,6.0,6.1,1,0.00,0.01,0.01,2.45,50,20735,131348,30042,9307,542
543,19,7,0,True,2023-08-20T15:30:00Z,3.0,1.0,2,0,0,0,0,0,0,0,0,0,0,0,0,0,0.0,0.0,0.0,0.0,0,0.00,0.00,0.00,0.00,45,-5733,12465,0,5733,543
544,19,7,2,True,2023-08-20T15:30:00Z,3.0,1.0,2,90,0,0,0,1,0,0,0,0,0,0,0,9,8.2,0.0,0.0,0.8,1,0.00,0.00,0.00,2.45,45,-4429,84883,3516,7945,544
545,20,5,0,True,2023-08-19T14:00:00Z,1.0,4.0,2,86,0,0,0,4,0,0,0,0,0,0,0,11,13.8,12.0,8.0,3.4,1,0.21,0.07,0.28,2.27,45,5422,38518,8143,2721,545
546,20,5,0,True,2023-08-19T14:00:00Z,1.0,4.0,2,0,0,0,0,0,0,0,0,0,0,0,0,0,0.0,0.0,0.0,0.0,0,0.00,0.00,0.00,0.00,40,-1313,41245,1325,2638,546
547,20,5,0,True,2023-08-19T14:00:00Z,1.0,4.0,2,0,0,0,0,0,0,0,0,0,0,0,0,0,0.0,0.0,0.0,0.0,0,0.00,0.00,0.00,0.00,40,-699,81583,4589,5288,547
548,20,5,1,True,2023-08-19T14:00:00Z,1.0,4.0,2,4,0,0,0,0,0,0,0,0,0,0,0,3,0.4,0.3,10.0,1.1,0,0.16,0.00,0.16,0.00,45,-349,12899,838,1187,548
549,20,5,0,True,2023-08-19T14:00:00Z,1.0,4.0,2,0,0,0,0,0,0,0,0,0,0,0,0,0,0.0,0.0,0.0,0.0,0,0.00,0.00,0.00,0.00,45,-286,942,0,286,549
550,20,5,0,True,2023-08-19T14:00:00Z,1.0,4.0,2,0,0,0,0,0,0,0,0,0,0,0,0,0,0.0,0.0,0.0,0.0,0,0.00,0.00,0.00,0.00,45,-702,2213,0,702,550
551,20,5,-1,True,2023-08-19T14:00:00Z,1.0,4.0,2,70,0,0,0,4,0,0,0,1,0,0,0,11,11.0,0.3,34.0,4.5,1,0.07,0.00,0.07,2.20,45,2998,24846,4419,1421,551
552,20,5,1,True,2023-08-19T14:00:00Z,1.0,4.0,2,54,0,0,0,4,0,0,0,0,0,0,0,3,9.4,14.1,21.0,4.5,1,0.45,0.00,0.45,1.95,55,-490,28130,3444,3934,552
554,20,5,0,True,2023-08-19T14:00:00Z,1.0,4.0,2,0,0,0,0,0,0,0,0,0,0,0,0,0,0.0,0.0,0.0,0.0,0,0.00,0.00,0.00,0.00,55,-959,8549,628,1587,554
555,20,5,0,True,2023-08-19T14:00:00Z,1.0,4.0,2,0,0,0,0,0,0,0,0,0,0,0,0,0,0.0,0.0,0.0,0.0,0,0.00,0.00,0.00,0.00,45,-415,9137,687,1102,555
556,20,5,0,True,2023-08-19T14:00:00Z,1.0,4.0,2,0,0,0,0,0,0,0,0,0,0,0,0,0,0.0,0.0,0.0,0.0,0,0.00,0.00,0.00,0.00,40,-1169,8336,0,1169,556
557,20,5,5,True,2023-08-19T14:00:00Z,1.0,4.0,2,35,1,0,0,0,0,0,0,1,0,0,0,19,34.4,11.8,21.0,6.7,0,0.05,0.50,0.55,0.33,55,-560,10889,876,1436,557
558,13,4,2,True,2023-08-19T14:00:00Z,0.0,3.0,2,85,0,0,0,2,0,0,0,0,0,0,0,5,8.4,3.3,21.0,3.3,1,0.05,0.10,0.15,2.54,55,-10517,102072,7518,18035,558
559,20,5,1,True,2023-08-19T14:00:00Z,1.0,4.0,2,54,0,0,0,4,0,0,0,0,0,0,0,4,4.8,5.8,2.0,1.3,1,0.05,0.04,0.09,1.95,50,478,6503,1157,679,559
560,20,5,0,True,2023-08-19T14:00:00Z,1.0,4.0,2,0,0,0,0,0,0,0,0,0,0,0,0,0,0.0,0.0,0.0,0.0,0,0.00,0.00,0.00,0.00,45,-668,6631,121,789,560
561,20,5,0,True,2023-08-19T14:00:00Z,1.0,4.0,2,0,0,0,0,0,0,0,0,0,0,0,0,0,0.0,0.0,0.0,0.0,0,0.00,0.00,0.00,0.00,45,-1370,19292,1035,2405,561
562,20,5,0,True,2023-08-19T14:00:00Z,1.0,4.0,2,0,0,0,0,0,0,0,0,0,0,0,0,0,0.0,0.0,0.0,0.0,0,0.00,0.00,0.00,0.00,50,-690,13922,1300,1990,562
563,20,5,-1,True,2023-08-19T14:00:00Z,1.0,4.0,2,90,0,0,0,4,0,0,0,1,0,0,0,11,11.2,11.4,0.0,2.3,1,0.00,0.01,0.01,2.27,45,676,71470,4635,3959,563
564,20,5,0,True,2023-08-19T14:00:00Z,1.0,4.0,2,0,0,0,0,0,0,0,0,0,0,0,0,0,0.0,0.0,0.0,0.0,0,0.00,0.00,0.00,0.00,40,85,74391,2970,2885,564
565,20,5,2,True,2023-08-19T14:00:00Z,1.0,4.0,2,90,0,0,0,4,0,0,0,0,0,0,0,9,12.6,2.5,9.0,2.4,1,0.69,0.01,0.70,2.27,50,264,4201,726,462,565
566,20,5,-1,True,2023-08-19T14:00:00Z,1.0,4.0,2,90,0,0,0,4,0,0,0,0,1,0,0,5,4.8,18.0,12.0,3.5,1,0.05,0.17,0.22,2.27,50,1713,23879,4019,2306,566
567,20,5,2,True,2023-08-19T14:00:00Z,1.0,4.0,2,90,0,0,0,4,0,0,0,0,0,0,0,7,9.0,24.3,23.0,5.6,1,0.14,0.04,0.18,2.27,55,5287,24430,7679,2392,567
568,20,5,0,True,2023-08-19T14:00:00Z,1.0,4.0,2,0,0,0,0,0,0,0,0,0,0,0,0,0,0.0,0.0,0.0,0.0,0,0.00,0.00,0.00,0.00,55,-1988,12256,405,2393,568
569,20,5,1,True,2023-08-19T14:00:00Z,1.0,4.0,2,90,0,0,0,4,0,0,0,0,0,4,0,19,27.4,0.0,0.0,2.7,1,0.00,0.00,0.00,2.27,50,-127,103419,7072,7199,569
570,20,5,4,True,2023-08-19T14:00:00Z,1.0,4.0,2,35,0,1,0,0,0,0,0,0,0,0,0,18,25.0,29.1,19.0,7.3,0,0.02,0.32,0.34,0.33,50,4148,15866,5957,1809,570
571,20,5,0,True,2023-08-19T14:00:00Z,1.0,4.0,2,0,0,0,0,0,0,0,0,0,0,0,0,0,0.0,0.0,0.0,0.0,0,0.00,0.00,0.00,0.00,40,-6283,50421,0,6283,571
572,20,5,0,True,2023-08-19T14:00:00Z,1.0,4.0,2,90,0,0,0,4,0,0,0,0,0,0,0,10,10.6,1.5,1.0,1.3,1,0.02,0.01,0.03,2.27,45,5059,37300,7400,2341,572
573,20,5,1,True,2023-08-19T14:00:00Z,1.0,4.0,2,19,0,0,0,0,0,0,0,0,0,0,0,3,7.6,0.4,0.0,0.8,0,0.00,0.00,0.00,0.07,45,-803,8337,185,988,573
574,20,5,0,True,2023-08-19T14:00:00Z,1.0,4.0,2,0,0,0,0,0,0,0,0,0,0,0,0,0,0.0,0.0,0.0,0.0,0,0.00,0.00,0.00,0.00,45,-2840,48123,3149,5989,574
576,17,16,1,False,2023-08-18T18:45:00Z,2.0,1.0,2,90,0,0,0,2,0,0,0,0,0,0,0,13,14.2,1.5,6.0,2.2,1,0.04,0.03,0.07,1.36,45,-189,8151,447,636,576
577,19,7,1,True,2023-08-20T15:30:00Z,3.0,1.0,2,21,0,0,0,0,0,0,0,0,0,0,0,4,3.0,0.0,0.0,0.3,0,0.00,0.00,0.00,0.18,45,-1146,9934,154,1300,577
578,12,8,0,False,2023-08-21T19:00:00Z,0.0,1.0,2,0,0,0,0,0,0,0,0,0,0,0,0,0,0.0,0.0,0.0,0.0,0,0.00,0.00,0.00,0.00,50,-264,2988,241,505,578
579,11,2,0,False,2023-08-20T13:00:00Z,4.0,0.0,2,0,0,0,0,0,0,0,0,0,0,0,0,0,0.0,0.0,0.0,0.0,0,0.00,0.00,0.00,0.00,40,-150,6537,179,329,579
580,16,13,0,False,2023-08-19T19:00:00Z,1.0,0.0,2,0,0,0,0,0,0,0,0,0,0,0,0,0,0.0,0.0,0.0,0.0,0,0.00,0.00,0.00,0.00,40,-906,24112,773,1679,580
581,16,13,0,False,2023-08-19T19:00:00Z,1.0,0.0,2,0,0,0,0,0,0,0,0,0,0,0,0,0,0.0,0.0,0.0,0.0,0,0.00,0.00,0.00,0.00,40,-1196,14628,549,1745,581
583,18,14,1,True,2023-08-19T16:30:00Z,2.0,0.0,2,2,0,0,0,0,0,0,0,0,0,0,0,4,3.2,0.6,0.0,0.4,0,0.00,0.00,0.00,0.26,55,-2368,12336,272,2640,583
584,11,9,6,True,2023-08-20T13:00:00Z,4.0,0.0,2,90,0,0,1,0,0,0,0,0,0,0,0,22,11.4,0.7,0.0,1.2,1,0.00,0.00,0.00,0.68,45,505,239720,17942,17437,584
585,12,8,0,False,2023-08-21T19:00:00Z,0.0,1.0,2,0,0,0,0,0,0,0,0,0,0,0,0,0,0.0,0.0,0.0,0.0,0,0.00,0.00,0.00,0.00,49,-285875,215334,10430,296305,585
587,17,16,0,False,2023-08-18T18:45:00Z,2.0,1.0,2,0,0,0,0,0,0,0,0,0,0,0,0,0,0.0,0.0,0.0,0.0,0,0.00,0.00,0.00,0.00,50,-939,5028,138,1077,587
588,11,2,0,False,2023-08-20T13:00:00Z,4.0,0.0,2,90,0,0,0,4,0,0,0,0,0,0,0,18,9.0,25.2,0.0,3.4,1,0.00,0.02,0.02,3.11,45,-2589,61190,1987,4576,588
589,19,19,0,False,2023-08-20T15:30:00Z,3.0,1.0,2,0,0,0,0,0,0,0,0,0,0,0,0,0,0.0,0.0,0.0,0.0,0,0.00,0.00,0.00,0.00,50,-589,685,0,589,589
590,20,5,2,True,2023-08-19T14:00:00Z,1.0,4.0,2,90,0,0,0,4,0,0,0,0,0,0,0,13,19.4,38.2,39.0,9.7,1,0.45,0.33,0.78,2.27,55,13288,48034,19993,6705,590
591,13,4,1,True,2023-08-19T14:00:00Z,0.0,3.0,2,22,0,0,0,1,0,0,0,0,0,0,0,1,0.0,0.7,1.0,0.1,0,0.07,0.00,0.07,1.87,55,-8781,49171,1870,10651,591
592,17,16,1,False,2023-08-18T18:45:00Z,2.0,1.0,2,45,0,0,0,1,0,0,0,0,0,0,0,2,9.8,0.6,2.0,1.2,0,0.00,0.00,0.00,0.55,45,-504,5575,92,596,592
593,17,16,2,False,2023-08-18T18:45:00Z,2.0,1.0,2,81,0,0,0,1,0,0,0,0,0,0,0,-2,3.6,1.1,19.0,2.4,1,0.27,0.03,0.30,1.25,55,643,7805,1756,1113,593
595,14,11,1,False,2023-08-19T14:00:00Z,3.0,1.0,2,90,0,0,0,3,0,0,0,0,0,0,0,11,20.4,5.5,2.0,2.8,1,0.00,0.01,0.01,3.08,45,-6,21934,1583,1589,595
597,18,18,2,False,2023-08-19T16:30:00Z,2.0,0.0,2,90,0,0,0,2,0,0,0,0,0,5,0,19,39.6,0.0,0.0,4.0,1,0.00,0.00,0.00,1.80,50,96355,2684767,158228,61873,597
598,20,5,0,True,2023-08-19T14:00:00Z,1.0,4.0,2,0,0,0,0,0,0,0,0,0,0,0,0,0,0.0,0.0,0.0,0.0,0,0.00,0.00,0.00,0.00,45,-1991,26006,844,2835,598
599,11,9,3,True,2023-08-20T13:00:00Z,4.0,0.0,2,63,0,0,1,0,0,0,0,0,0,0,0,8,8.4,25.8,37.0,7.1,1,0.34,0.18,0.52,0.64,65,196218,820818,223438,27220,599
601,11,2,1,False,2023-08-20T13:00:00Z,4.0,0.0,2,52,0,0,0,2,0,0,0,0,0,0,0,3,5.4,2.3,34.0,4.2,0,0.17,0.12,0.29,0.99,55,-722,14581,1240,1962,601
603,16,13,0,False,2023-08-19T19:00:00Z,1.0,0.0,2,34,0,0,0,0,0,0,0,1,0,0,0,-1,1.2,1.7,7.0,1.0,0,0.03,0.01,0.04,0.56,65,107820,441048,133992,26172,603
604,17,17,0,True,2023-08-18T18:45:00Z,2.0,1.0,2,0,0,0,0,0,0,0,0,0,0,0,0,0,0.0,0.0,0.0,0.0,0,0.00,0.00,0.00,0.00,45,2329,14544,3926,1597,604
606,20,20,0,False,2023-08-19T14:00:00Z,1.0,4.0,2,0,0,0,0,0,0,0,0,0,0,0,0,0,0.0,0.0,0.0,0.0,0,0.00,0.00,0.00,0.00,45,-1783,12272,499,2282,606
607,14,11,0,False,2023-08-19T14:00:00Z,3.0,1.0,2,0,0,0,0,0,0,0,0,0,0,0,0,0,0.0,0.0,0.0,0.0,0,0.00,0.00,0.00,0.00,45,-908,9821,133,1041,607
609,19,19,0,False,2023-08-20T15:30:00Z,3.0,1.0,2,0,0,0,0,0,0,0,0,0,0,0,0,0,0.0,0.0,0.0,0.0,0,0.00,0.00,0.00,0.00,55,-1977,9128,248,2225,609
610,13,4,1,True,2023-08-19T14:00:00Z,0.0,3.0,2,23,0,0,0,1,0,0,0,0,0,0,0,4,3.4,0.5,0.0,0.4,0,0.00,0.00,0.00,1.87,45,-2695,29878,1579,4274,610
611,19,19,0,False,2023-08-20T15:30:00Z,3.0,1.0,2,90,0,0,0,3,0,0,0,1,0,0,0,6,12.6,2.8,2.0,1.7,1,0.00,0.03,0.03,1.80,50,271640,430533,285594,13954,611
613,19,19,0,False,2023-08-20T15:30:00Z,3.0,1.0,2,0,0,0,0,0,0,0,0,0,0,0,0,0,0.0,0.0,0.0,0.0,0,0.00,0.00,0.00,0.00,45,779,14834,2778,1999,613
615,12,1,0,True,2023-08-21T19:00:00Z,0.0,1.0,2,0,0,0,0,0,0,0,0,0,0,0,0,0,0.0,0.0,0.0,0.0,0,0.00,0.00,0.00,0.00,50,-175,877,42,217,615
616,16,15,6,True,2023-08-19T19:00:00Z,1.0,0.0,2,90,0,0,1,0,0,0,0,0,0,0,0,24,12.6,1.5,0.0,1.4,1,0.00,0.01,0.01,0.29,50,1846,307221,37224,35378,616
617,18,18,0,False,2023-08-19T16:30:00Z,2.0,0.0,2,0,0,0,0,0,0,0,0,0,0,0,0,0,0.0,0.0,0.0,0.0,0,0.00,0.00,0.00,0.00,70,-21106,79025,5478,26584,617
618,11,9,0,True,2023-08-20T13:00:00Z,4.0,0.0,2,0,0,0,0,0,0,0,0,0,0,0,0,0,0.0,0.0,0.0,0.0,0,0.00,0.00,0.00,0.00,45,98,3869,540,442,618
619,14,11,0,False,2023-08-19T14:00:00Z,3.0,1.0,2,0,0,0,0,0,0,0,0,0,0,0,0,0,0.0,0.0,0.0,0.0,0,0.00,0.00,0.00,0.00,40,195,13819,1325,1130,619
620,13,10,0,False,2023-08-19T14:00:00Z,0.0,3.0,2,0,0,0,0,0,0,0,0,0,0,0,0,0,0.0,0.0,0.0,0.0,0,0.00,0.00,0.00,0.00,45,15,1460,186,171,620
621,20,20,0,False,2023-08-19T14:00:00Z,1.0,4.0,2,0,0,0,0,0,0,0,0,0,0,0,0,0,0.0,0.0,0.0,0.0,0,0.00,0.00,0.00,0.00,45,-44,1235,127,171,621
623,19,19,1,False,2023-08-20T15:30:00Z,3.0,1.0,2,7,0,0,0,1,0,0,0,0,0,0,0,3,0.4,0.6,0.0,0.1,0,0.00,0.00,0.00,0.90,45,-352,13503,1562,1914,623
624,11,2,1,False,2023-08-20T13:00:00Z,4.0,0.0,2,45,0,0,0,2,0,0,0,0,0,0,0,6,7.0,10.9,2.0,2.0,0,0.00,0.00,0.00,0.99,45,285,3067,571,286,624
625,13,4,0,True,2023-08-19T14:00:00Z,0.0,3.0,2,0,0,0,0,0,0,0,0,0,0,0,0,0,0.0,0.0,0.0,0.0,0,0.00,0.00,0.00,0.00,40,-158,4107,216,374,625
626,14,3,0,True,2023-08-19T14:00:00Z,3.0,1.0,2,0,0,0,0,0,0,0,0,0,0,0,0,0,0.0,0.0,0.0,0.0,0,0.00,0.00,0.00,0.00,40,-136,3758,260,396,626
627,14,3,0,True,2023-08-19T14:00:00Z,3.0,1.0,2,0,0,0,0,0,0,0,0,0,0,0,0,0,0.0,0.0,0.0,0.0,0,0.00,0.00,0.00,0.00,45,-49,1681,201,250,627
628,14,3,0,True,2023-08-19T14:00:00Z,3.0,1.0,2,0,0,0,0,0,0,0,0,0,0,0,0,0,0.0,0.0,0.0,0.0,0,0.00,0.00,0.00,0.00,45,841,5907,1607,766,628
629,14,3,0,True,2023-08-19T14:00:00Z,3.0,1.0,2,0,0,0,0,0,0,0,0,0,0,0,0,0,0.0,0.0,0.0,0.0,0,0.00,0.00,0.00,0.00,45,-67,1300,140,207,629
632,18,18,0,False,2023-08-19T16:30:00Z,2.0,0.0,2,0,0,0,0,0,0,0,0,0,0,0,0,0,0.0,0.0,0.0,0.0,0,0.00,0.00,0.00,0.00,45,-43,1214,112,155,632
633,16,13,1,False,2023-08-19T19:00:00Z,1.0,0.0,2,4,0,0,0,0,0,0,0,0,0,0,0,3,0.0,0.0,0.0,0.0,0,0.00,0.00,0.00,0.28,45,-1578,22258,1286,2864,633
634,16,13,0,False,2023-08-19T19:00:00Z,1.0,0.0,2,0,0,0,0,0,0,0,0,0,0,0,0,0,0.0,0.0,0.0,0.0,0,0.00,0.00,0.00,0.00,40,2039,33013,5567,3528,634
635,16,13,0,False,2023-08-19T19:00:00Z,1.0,0.0,2,0,0,0,0,0,0,0,0,0,0,0,0,0,0.0,0.0,0.0,0.0,0,0.00,0.00,0.00,0.00,45,-111,2332,223,334,635
636,17,17,0,True,2023-08-18T18:45:00Z,2.0,1.0,2,0,0,0,0,0,0,0,0,0,0,0,0,0,0.0,0.0,0.0,0.0,0,0.00,0.00,0.00,0.00,40,13,4413,307,294,636
637,17,17,0,True,2023-08-18T18:45:00Z,2.0,1.0,2,0,0,0,0,0,0,0,0,0,0,0,0,0,0.0,0.0,0.0,0.0,0,0.00,0.00,0.00,0.00,40,73,8807,713,640,637
638,17,16,1,False,2023-08-18T18:45:00Z,2.0,1.0,2,57,0,0,0,1,0,0,0,0,0,0,0,9,15.2,12.0,8.0,3.5,1,0.06,0.00,0.06,0.82,50,24,673,111,87,638
639,18,14,7,True,2023-08-19T16:30:00Z,2.0,0.0,2,90,0,0,1,0,0,0,0,0,0,0,1,28,15.4,1.1,0.0,1.7,1,0.00,0.01,0.01,1.99,45,2771,27392,4751,1980,639
640,18,14,0,True,2023-08-19T16:30:00Z,2.0,0.0,2,0,0,0,0,0,0,0,0,0,0,0,0,0,0.0,0.0,0.0,0.0,0,0.00,0.00,0.00,0.00,45,-176,32438,4169,4345,640
641,18,14,0,True,2023-08-19T16:30:00Z,2.0,0.0,2,0,0,0,0,0,0,0,0,0,0,0,0,0,0.0,0.0,0.0,0.0,0,0.00,0.00,0.00,0.00,55,-515,5971,1127,1642,641
642,19,7,1,True,2023-08-20T15:30:00Z,3.0,1.0,2,9,0,0,0,0,0,0,0,0,0,0,0,4,2.2,0.1,0.0,0.2,0,0.00,0.00,0.00,0.13,50,-2135,8425,598,2733,642
643,14,11,1,False,2023-08-19T14:00:00Z,3.0,1.0,2,90,0,0,0,3,0,0,0,0,0,0,0,15,22.6,5.3,2.0,3.0,1,0.02,0.02,0.04,3.08,45,3511,13959,4519,1008,643
644,14,11,0,False,2023-08-19T14:00:00Z,3.0,1.0,2,0,0,0,0,0,0,0,0,0,0,0,0,0,0.0,0.0,0.0,0.0,0,0.00,0.00,0.00,0.00,50,-148,1078,254,402,644
645,11,2,0,False,2023-08-20T13:00:00Z,4.0,0.0,2,0,0,0,0,0,0,0,0,0,0,0,0,0,0.0,0.0,0.0,0.0,0,0.00,0.00,0.00,0.00,50,270,5544,1044,774,645
646,12,8,0,False,2023-08-21T19:00:00Z,0.0,1.0,2,0,0,0,0,0,0,0,0,0,0,0,0,0,0.0,0.0,0.0,0.0,0,0.00,0.00,0.00,0.00,40,159,1045,185,26,646
647,19,7,0,True,2023-08-20T15:30:00Z,3.0,1.0,2,0,0,0,0,0,0,0,0,0,0,0,0,0,0.0,0.0,0.0,0.0,0,0.00,0.00,0.00,0.00,40,540,2264,631,91,647
649,11,2,0,False,2023-08-20T13:00:00Z,4.0,0.0,2,0,0,0,0,0,0,0,0,0,0,0,0,0,0.0,0.0,0.0,0.0,0,0.00,0.00,0.00,0.00,45,697,2832,894,197,649
650,11,2,1,False,2023-08-20T13:00:00Z,4.0,0.0,2,1,0,0,0,0,0,0,0,0,0,0,0,3,0.0,0.0,0.0,0.0,0,0.00,0.00,0.00,0.00,45,157,567,190,33,650
651,13,4,0,True,2023-08-19T14:00:00Z,0.0,3.0,2,0,0,0,0,0,0,0,0,0,0,0,0,0,0.0,0.0,0.0,0.0,0,0.00,0.00,0.00,0.00,45,576,1999,734,158,651
652,13,4,0,True,2023-08-19T14:00:00Z,0.0,3.0,2,0,0,0,0,0,0,0,0,0,0,0,0,0,0.0,0.0,0.0,0.0,0,0.00,0.00,0.00,0.00,45,95,349,128,33,652
653,17,16,0,False,2023-08-18T18:45:00Z,2.0,1.0,2,0,0,0,0,0,0,0,0,0,0,0,0,0,0.0,0.0,0.0,0.0,0,0.00,0.00,0.00,0.00,40,708,2863,833,125,653
654,17,16,0,False,2023-08-18T18:45:00Z,2.0,1.0,2,0,0,0,0,0,0,0,0,0,0,0,0,0,0.0,0.0,0.0,0.0,0,0.00,0.00,0.00,0.00,45,985,3060,1206,221,654
655,17,16,1,False,2023-08-18T18:45:00Z,2.0,1.0,2,16,0,0,0,1,0,0,0,0,0,0,0,3,2.2,0.3,0.0,0.3,0,0.00,0.00,0.00,0.12,45,938,2455,1132,194,655
656,17,16,1,False,2023-08-18T18:45:00Z,2.0,1.0,2,8,0,0,0,1,0,0,0,0,0,0,0,2,0.0,0.3,0.0,0.0,0,0.00,0.00,0.00,0.12,45,2035,5563,2574,539,656
657,12,1,1,True,2023-08-21T19:00:00Z,0.0,1.0,2,7,0,0,0,0,0,0,0,0,0,0,0,4,3.0,10.8,15.0,2.9,0,0.02,0.08,0.10,0.00,45,149,491,190,41,657
658,12,1,0,True,2023-08-21T19:00:00Z,0.0,1.0,2,0,0,0,0,0,0,0,0,0,0,0,0,0,0.0,0.0,0.0,0.0,0,0.00,0.00,0.00,0.00,45,2562,6724,3054,492,658
659,19,19,0,False,2023-08-20T15:30:00Z,3.0,1.0,2,0,0,0,0,0,0,0,0,0,0,0,0,0,0.0,0.0,0.0,0.0,0,0.00,0.00,0.00,0.00,40,310,1124,353,43,659
661,11,2,0,False,2023-08-20T13:00:00Z,4.0,0.0,2,0,0,0,0,0,0,0,0,0,0,0,0,0,0.0,0.0,0.0,0.0,0,0.00,0.00,0.00,0.00,55,321,876,404,83,661
662,13,4,1,True,2023-08-19T14:00:00Z,0.0,3.0,2,4,0,0,0,1,0,0,0,0,0,0,0,3,0.2,0.1,0.0,0.0,0,0.00,0.00,0.00,1.27,50,1144,2230,1346,202,662
663,17,16,6,False,2023-08-18T18:45:00Z,2.0,1.0,2,90,1,0,0,2,0,0,0,1,0,0,0,24,42.8,21.5,13.0,7.7,1,0.02,0.12,0.14,1.36,50,1419,1826,1474,55,663
664,19,7,9,True,2023-08-20T15:30:00Z,3.0,1.0,2,80,0,2,0,1,0,0,0,0,0,0,1,30,47.6,25.1,2.0,7.5,1,0.04,0.11,0.15,2.32,60,8549,13480,9302,753,664
666,17,16,0,False,2023-08-18T18:45:00Z,2.0,1.0,2,0,0,0,0,0,0,0,0,0,0,0,0,0,0.0,0.0,0.0,0.0,0,0.00,0.00,0.00,0.00,50,27,93,32,5,666
667,19,19,0,False,2023-08-20T15:30:00Z,3.0,1.0,2,0,0,0,0,0,0,0,0,0,0,0,0,0,0.0,0.0,0.0,0.0,0,0.00,0.00,0.00,0.00,50,177,346,192,15,667
668,14,3,1,True,2023-08-19T14:00:00Z,3.0,1.0,2,27,0,0,0,0,0,0,0,0,0,0,0,4,6.6,0.8,0.0,0.7,0,0.00,0.01,0.01,1.09,55,0,0,0,0,668
669,18,18,0,False,2023-08-19T16:30:00Z,2.0,0.0,2,0,0,0,0,0,0,0,0,0,0,0,0,0,0.0,0.0,0.0,0.0,0,0.00,0.00,0.00,0.00,40,0,0,0,0,669
670,11,9,0,True,2023-08-20T13:00:00Z,4.0,0.0,2,0,0,0,0,0,0,0,0,0,0,0,0,0,0.0,0.0,0.0,0.0,0,0.00,0.00,0.00,0.00,40,0,0,0,0,670
671,19,19,0,False,2023-08-20T15:30:00Z,3.0,1.0,2,0,0,0,0,0,0,0,0,0,0,0,0,0,0.0,0.0,0.0,0.0,0,0.00,0.00,0.00,0.00,40,0,0,0,0,671
